-- phpMyAdmin SQL Dump
-- version 4.0.4
-- http://www.phpmyadmin.net
--
-- Host: localhost
-- Generation Time: Oct 06, 2014 at 08:42 AM
-- Server version: 5.6.12-log
-- PHP Version: 5.4.16

SET SQL_MODE = "NO_AUTO_VALUE_ON_ZERO";
SET time_zone = "+00:00";


/*!40101 SET @OLD_CHARACTER_SET_CLIENT=@@CHARACTER_SET_CLIENT */;
/*!40101 SET @OLD_CHARACTER_SET_RESULTS=@@CHARACTER_SET_RESULTS */;
/*!40101 SET @OLD_COLLATION_CONNECTION=@@COLLATION_CONNECTION */;
/*!40101 SET NAMES utf8 */;

--
-- Database: `certific8`
--
CREATE DATABASE IF NOT EXISTS `certific8` DEFAULT CHARACTER SET latin1 COLLATE latin1_swedish_ci;
USE `certific8`;

-- --------------------------------------------------------

--
-- Table structure for table `c8_hr`
--

CREATE TABLE IF NOT EXISTS `c8_hr` (
  `id` int(11) NOT NULL AUTO_INCREMENT,
  `org_id` int(11) NOT NULL DEFAULT '0',
  `membership_id` int(11) NOT NULL DEFAULT '0',
  `is_registered` int(11) NOT NULL DEFAULT '0',
  `is_paid` int(11) NOT NULL DEFAULT '0',
  `first_joined` date NOT NULL,
  `last_seen` date NOT NULL,
  `last_valdiated` date NOT NULL,
  PRIMARY KEY (`id`),
  KEY `c8_hr_ibfk_1` (`org_id`),
  KEY `c8_hr_ibfk_2` (`membership_id`)
) ENGINE=InnoDB  DEFAULT CHARSET=latin1 AUTO_INCREMENT=112 ;

--
-- Dumping data for table `c8_hr`
--

INSERT INTO `c8_hr` (`id`, `org_id`, `membership_id`, `is_registered`, `is_paid`, `first_joined`, `last_seen`, `last_valdiated`) VALUES
(1, 1, 3, 0, 0, '2014-09-15', '2014-09-17', '2014-09-15'),
(2, 95, 4, 0, 0, '0000-00-00', '0000-00-00', '0000-00-00'),
(3, 92, 4, 0, 1, '0000-00-00', '0000-00-00', '0000-00-00'),
(4, 38, 4, 0, 0, '0000-00-00', '0000-00-00', '0000-00-00'),
(5, 67, 4, 0, 0, '0000-00-00', '0000-00-00', '0000-00-00'),
(6, 96, 4, 0, 0, '0000-00-00', '0000-00-00', '0000-00-00'),
(7, 83, 4, 0, 0, '0000-00-00', '0000-00-00', '0000-00-00'),
(8, 97, 4, 0, 0, '0000-00-00', '0000-00-00', '0000-00-00'),
(9, 63, 4, 0, 0, '0000-00-00', '0000-00-00', '0000-00-00'),
(10, 97, 4, 0, 0, '0000-00-00', '0000-00-00', '0000-00-00'),
(11, 60, 4, 0, 0, '0000-00-00', '0000-00-00', '0000-00-00'),
(12, 87, 4, 0, 0, '0000-00-00', '0000-00-00', '0000-00-00'),
(13, 58, 4, 0, 0, '0000-00-00', '0000-00-00', '0000-00-00'),
(14, 60, 6, 0, 0, '0000-00-00', '0000-00-00', '0000-00-00'),
(15, 44, 1, 0, 0, '0000-00-00', '0000-00-00', '0000-00-00'),
(16, 90, 2, 0, 0, '0000-00-00', '0000-00-00', '0000-00-00'),
(17, 90, 7, 0, 0, '0000-00-00', '0000-00-00', '0000-00-00'),
(18, 72, 1, 0, 0, '0000-00-00', '0000-00-00', '0000-00-00'),
(19, 11, 6, 0, 0, '0000-00-00', '0000-00-00', '0000-00-00'),
(20, 23, 8, 0, 0, '0000-00-00', '0000-00-00', '0000-00-00'),
(21, 62, 7, 0, 0, '0000-00-00', '0000-00-00', '0000-00-00'),
(22, 67, 6, 0, 0, '0000-00-00', '0000-00-00', '0000-00-00'),
(23, 82, 1, 0, 0, '0000-00-00', '0000-00-00', '0000-00-00'),
(24, 39, 4, 0, 0, '0000-00-00', '0000-00-00', '0000-00-00'),
(25, 69, 3, 0, 0, '0000-00-00', '0000-00-00', '0000-00-00'),
(26, 26, 4, 0, 0, '0000-00-00', '0000-00-00', '0000-00-00'),
(27, 79, 7, 0, 0, '0000-00-00', '0000-00-00', '0000-00-00'),
(28, 20, 7, 0, 0, '0000-00-00', '0000-00-00', '0000-00-00'),
(29, 59, 5, 0, 0, '0000-00-00', '0000-00-00', '0000-00-00'),
(30, 40, 4, 0, 0, '0000-00-00', '0000-00-00', '0000-00-00'),
(31, 20, 4, 0, 0, '0000-00-00', '0000-00-00', '0000-00-00'),
(32, 47, 1, 0, 0, '0000-00-00', '0000-00-00', '0000-00-00'),
(33, 62, 8, 0, 0, '0000-00-00', '0000-00-00', '0000-00-00'),
(34, 26, 4, 0, 0, '0000-00-00', '0000-00-00', '0000-00-00'),
(35, 23, 5, 0, 0, '0000-00-00', '0000-00-00', '0000-00-00'),
(36, 93, 8, 0, 0, '0000-00-00', '0000-00-00', '0000-00-00'),
(37, 38, 7, 0, 0, '0000-00-00', '0000-00-00', '0000-00-00'),
(38, 20, 1, 0, 0, '0000-00-00', '0000-00-00', '0000-00-00'),
(39, 41, 5, 0, 0, '0000-00-00', '0000-00-00', '0000-00-00'),
(40, 56, 3, 0, 0, '0000-00-00', '0000-00-00', '0000-00-00'),
(41, 37, 7, 0, 0, '0000-00-00', '0000-00-00', '0000-00-00'),
(42, 78, 2, 0, 0, '0000-00-00', '0000-00-00', '0000-00-00'),
(43, 25, 5, 0, 0, '0000-00-00', '0000-00-00', '0000-00-00'),
(44, 52, 6, 0, 0, '0000-00-00', '0000-00-00', '0000-00-00'),
(45, 63, 9, 0, 0, '0000-00-00', '0000-00-00', '0000-00-00'),
(46, 2, 9, 0, 0, '0000-00-00', '0000-00-00', '0000-00-00'),
(47, 92, 6, 0, 0, '0000-00-00', '0000-00-00', '0000-00-00'),
(48, 60, 5, 0, 0, '0000-00-00', '0000-00-00', '0000-00-00'),
(49, 7, 7, 0, 0, '0000-00-00', '0000-00-00', '0000-00-00'),
(50, 81, 5, 0, 0, '0000-00-00', '0000-00-00', '0000-00-00'),
(51, 89, 1, 0, 0, '0000-00-00', '0000-00-00', '0000-00-00'),
(52, 16, 1, 0, 0, '0000-00-00', '0000-00-00', '0000-00-00'),
(53, 90, 7, 0, 0, '0000-00-00', '0000-00-00', '0000-00-00'),
(54, 33, 9, 0, 0, '0000-00-00', '0000-00-00', '0000-00-00'),
(55, 70, 7, 0, 0, '0000-00-00', '0000-00-00', '0000-00-00'),
(56, 97, 4, 0, 0, '0000-00-00', '0000-00-00', '0000-00-00'),
(57, 54, 5, 0, 0, '0000-00-00', '0000-00-00', '0000-00-00'),
(58, 20, 8, 0, 0, '0000-00-00', '0000-00-00', '0000-00-00'),
(59, 93, 1, 0, 0, '0000-00-00', '0000-00-00', '0000-00-00'),
(60, 44, 7, 0, 0, '0000-00-00', '0000-00-00', '0000-00-00'),
(61, 61, 2, 0, 0, '0000-00-00', '0000-00-00', '0000-00-00'),
(62, 53, 6, 0, 0, '0000-00-00', '0000-00-00', '0000-00-00'),
(63, 48, 9, 0, 0, '0000-00-00', '0000-00-00', '0000-00-00'),
(64, 52, 2, 0, 0, '0000-00-00', '0000-00-00', '0000-00-00'),
(65, 87, 3, 0, 0, '0000-00-00', '0000-00-00', '0000-00-00'),
(66, 83, 8, 0, 0, '0000-00-00', '0000-00-00', '0000-00-00'),
(67, 63, 8, 0, 0, '0000-00-00', '0000-00-00', '0000-00-00'),
(68, 47, 3, 0, 0, '0000-00-00', '0000-00-00', '0000-00-00'),
(69, 7, 3, 0, 0, '0000-00-00', '0000-00-00', '0000-00-00'),
(70, 78, 7, 0, 0, '0000-00-00', '0000-00-00', '0000-00-00'),
(71, 34, 4, 0, 0, '0000-00-00', '0000-00-00', '0000-00-00'),
(72, 58, 5, 0, 0, '0000-00-00', '0000-00-00', '0000-00-00'),
(73, 9, 8, 0, 0, '0000-00-00', '0000-00-00', '0000-00-00'),
(74, 8, 1, 0, 0, '0000-00-00', '0000-00-00', '0000-00-00'),
(75, 35, 8, 0, 0, '0000-00-00', '0000-00-00', '0000-00-00'),
(76, 74, 6, 0, 0, '0000-00-00', '0000-00-00', '0000-00-00'),
(77, 42, 9, 0, 0, '0000-00-00', '0000-00-00', '0000-00-00'),
(78, 4, 1, 0, 0, '0000-00-00', '0000-00-00', '0000-00-00'),
(79, 81, 5, 0, 0, '0000-00-00', '0000-00-00', '0000-00-00'),
(80, 63, 7, 0, 0, '0000-00-00', '0000-00-00', '0000-00-00'),
(81, 58, 4, 0, 0, '0000-00-00', '0000-00-00', '0000-00-00'),
(82, 53, 5, 0, 0, '0000-00-00', '0000-00-00', '0000-00-00'),
(83, 3, 8, 0, 0, '0000-00-00', '0000-00-00', '0000-00-00'),
(84, 78, 8, 0, 0, '0000-00-00', '0000-00-00', '0000-00-00'),
(85, 36, 4, 0, 0, '0000-00-00', '0000-00-00', '0000-00-00'),
(86, 14, 5, 0, 0, '0000-00-00', '0000-00-00', '0000-00-00'),
(87, 36, 6, 0, 0, '0000-00-00', '0000-00-00', '0000-00-00'),
(88, 52, 8, 0, 0, '0000-00-00', '0000-00-00', '0000-00-00'),
(89, 59, 6, 0, 0, '0000-00-00', '0000-00-00', '0000-00-00'),
(90, 45, 4, 0, 0, '0000-00-00', '0000-00-00', '0000-00-00'),
(91, 39, 8, 0, 0, '0000-00-00', '0000-00-00', '0000-00-00'),
(92, 57, 4, 0, 0, '0000-00-00', '0000-00-00', '0000-00-00'),
(93, 52, 6, 0, 0, '0000-00-00', '0000-00-00', '0000-00-00'),
(94, 59, 4, 0, 0, '0000-00-00', '0000-00-00', '0000-00-00'),
(95, 89, 9, 0, 0, '0000-00-00', '0000-00-00', '0000-00-00'),
(96, 59, 6, 0, 0, '0000-00-00', '0000-00-00', '0000-00-00'),
(97, 99, 4, 0, 0, '0000-00-00', '0000-00-00', '0000-00-00'),
(98, 21, 8, 0, 0, '0000-00-00', '0000-00-00', '0000-00-00'),
(99, 6, 9, 0, 0, '0000-00-00', '0000-00-00', '0000-00-00'),
(100, 10, 3, 0, 0, '0000-00-00', '0000-00-00', '0000-00-00'),
(101, 45, 1, 0, 0, '0000-00-00', '0000-00-00', '0000-00-00'),
(102, 88, 7, 0, 0, '0000-00-00', '0000-00-00', '0000-00-00'),
(103, 69, 6, 0, 0, '0000-00-00', '0000-00-00', '0000-00-00'),
(104, 100, 6, 0, 0, '0000-00-00', '0000-00-00', '0000-00-00'),
(105, 86, 5, 0, 0, '0000-00-00', '0000-00-00', '0000-00-00'),
(106, 51, 2, 0, 0, '0000-00-00', '0000-00-00', '0000-00-00'),
(107, 9, 1, 0, 0, '0000-00-00', '0000-00-00', '0000-00-00'),
(108, 13, 5, 0, 0, '0000-00-00', '0000-00-00', '0000-00-00'),
(109, 93, 3, 0, 0, '0000-00-00', '0000-00-00', '0000-00-00'),
(110, 88, 3, 0, 0, '0000-00-00', '0000-00-00', '0000-00-00'),
(111, 3, 7, 0, 0, '0000-00-00', '0000-00-00', '0000-00-00');

-- --------------------------------------------------------

--
-- Table structure for table `c8_hr_candidate`
--

CREATE TABLE IF NOT EXISTS `c8_hr_candidate` (
  `id` int(11) NOT NULL AUTO_INCREMENT,
  `hr_shortlist_id` int(11) NOT NULL DEFAULT '0',
  `profile_id` int(11) NOT NULL DEFAULT '0',
  PRIMARY KEY (`id`),
  KEY `c8_hr_candidate_ibfk_1` (`hr_shortlist_id`),
  KEY `c8_hr_candidate_ibfk_2` (`profile_id`)
) ENGINE=InnoDB  DEFAULT CHARSET=latin1 AUTO_INCREMENT=5 ;

--
-- Dumping data for table `c8_hr_candidate`
--

INSERT INTO `c8_hr_candidate` (`id`, `hr_shortlist_id`, `profile_id`) VALUES
(3, 1, 37);

-- --------------------------------------------------------

--
-- Table structure for table `c8_hr_comment`
--

CREATE TABLE IF NOT EXISTS `c8_hr_comment` (
  `id` int(11) NOT NULL AUTO_INCREMENT,
  `hr_shortlist_id` int(11) NOT NULL DEFAULT '0',
  `hr_candidate_id` int(11) NOT NULL DEFAULT '0',
  `user_id` int(11) NOT NULL DEFAULT '0',
  `comment` text,
  `preference` int(11) NOT NULL DEFAULT '0',
  `status` int(11) NOT NULL DEFAULT '0',
  PRIMARY KEY (`id`),
  KEY `c8_hr_comment_ibfk_1` (`hr_shortlist_id`)
) ENGINE=InnoDB  DEFAULT CHARSET=latin1 AUTO_INCREMENT=2 ;

--
-- Dumping data for table `c8_hr_comment`
--

INSERT INTO `c8_hr_comment` (`id`, `hr_shortlist_id`, `hr_candidate_id`, `user_id`, `comment`, `preference`, `status`) VALUES
(1, 1, 0, 6, 'sdfsdfsdfsdfsdf\r\nsdfsdfsdfsdfsdfsdfsdf', 0, 0);

-- --------------------------------------------------------

--
-- Table structure for table `c8_hr_shortlist`
--

CREATE TABLE IF NOT EXISTS `c8_hr_shortlist` (
  `id` int(11) NOT NULL AUTO_INCREMENT,
  `hr_id` int(11) NOT NULL DEFAULT '0',
  `user_id` int(11) NOT NULL DEFAULT '0',
  `name` varchar(255) NOT NULL DEFAULT 'Untitled Search',
  `client` varchar(255) NOT NULL DEFAULT 'Unknown Client',
  `max_results` int(11) NOT NULL DEFAULT '10',
  `geo_territory` varchar(32) NOT NULL DEFAULT '',
  `ipv4address` varchar(16) NOT NULL DEFAULT '',
  `is_archived` int(11) NOT NULL DEFAULT '0',
  `create_date` date DEFAULT NULL,
  `expire_date` date DEFAULT NULL,
  PRIMARY KEY (`id`),
  KEY `c8_hr_shortlist_ibfk_1` (`hr_id`),
  KEY `c8_hr_shortlist_ibfk_2` (`user_id`)
) ENGINE=InnoDB  DEFAULT CHARSET=latin1 AUTO_INCREMENT=2 ;

--
-- Dumping data for table `c8_hr_shortlist`
--

INSERT INTO `c8_hr_shortlist` (`id`, `hr_id`, `user_id`, `name`, `client`, `max_results`, `geo_territory`, `ipv4address`, `is_archived`, `create_date`, `expire_date`) VALUES
(1, 1, 5, 'Untitled Search', 'Unknown Client', 10, 'sdfsdfsd', 'sdfsdfsdf', 0, '2014-09-17', '2014-09-18');

-- --------------------------------------------------------

--
-- Table structure for table `c8_hr_shortlist_skill`
--

CREATE TABLE IF NOT EXISTS `c8_hr_shortlist_skill` (
  `id` int(11) NOT NULL AUTO_INCREMENT,
  `is_required` int(11) NOT NULL DEFAULT '1',
  `hr_shortlist_id` int(11) NOT NULL DEFAULT '0',
  `skill_id` int(11) NOT NULL DEFAULT '0',
  PRIMARY KEY (`id`),
  KEY `c8_hr_shortlist_skill_ibfk_1` (`hr_shortlist_id`),
  KEY `c8_hr_shortlist_skill_ibfk_2` (`skill_id`)
) ENGINE=InnoDB  DEFAULT CHARSET=latin1 AUTO_INCREMENT=5 ;

--
-- Dumping data for table `c8_hr_shortlist_skill`
--

INSERT INTO `c8_hr_shortlist_skill` (`id`, `is_required`, `hr_shortlist_id`, `skill_id`) VALUES
(3, 1, 1, 3),
(4, 1, 1, 5);

-- --------------------------------------------------------

--
-- Table structure for table `c8_hr_team`
--

CREATE TABLE IF NOT EXISTS `c8_hr_team` (
  `id` int(11) NOT NULL AUTO_INCREMENT,
  `org_id` int(11) NOT NULL DEFAULT '0',
  `user_id` int(11) NOT NULL DEFAULT '0',
  PRIMARY KEY (`id`),
  KEY `c8_hr_team_ibfk_1` (`org_id`),
  KEY `c8_hr_team_ibfk_2` (`user_id`)
) ENGINE=InnoDB  DEFAULT CHARSET=latin1 AUTO_INCREMENT=2 ;

--
-- Dumping data for table `c8_hr_team`
--

INSERT INTO `c8_hr_team` (`id`, `org_id`, `user_id`) VALUES
(1, 1, 5);

-- --------------------------------------------------------

--
-- Table structure for table `c8_invite`
--

CREATE TABLE IF NOT EXISTS `c8_invite` (
  `id` int(11) NOT NULL AUTO_INCREMENT,
  `user_id` int(11) NOT NULL DEFAULT '0',
  `email` varchar(255) DEFAULT '0',
  `create_date` date DEFAULT NULL,
  PRIMARY KEY (`id`),
  KEY `c8_invite_ibfk_1` (`user_id`)
) ENGINE=InnoDB  DEFAULT CHARSET=latin1 AUTO_INCREMENT=2 ;

--
-- Dumping data for table `c8_invite`
--

INSERT INTO `c8_invite` (`id`, `user_id`, `email`, `create_date`) VALUES
(1, 6, 'emailctest@gmail.com', '2014-09-18');

-- --------------------------------------------------------

--
-- Table structure for table `c8_membership`
--

CREATE TABLE IF NOT EXISTS `c8_membership` (
  `id` int(11) NOT NULL AUTO_INCREMENT,
  `name` varchar(255) NOT NULL DEFAULT '',
  `description` text NOT NULL,
  `logo` varchar(255) NOT NULL DEFAULT 'member.png',
  `price` decimal(15,2) NOT NULL DEFAULT '1.00',
  `duration_days` int(11) NOT NULL DEFAULT '30',
  `can_search` int(11) NOT NULL DEFAULT '1',
  `can_contact` int(11) NOT NULL DEFAULT '0',
  `max_skills` int(11) NOT NULL DEFAULT '3',
  `status` int(11) NOT NULL DEFAULT '0',
  PRIMARY KEY (`id`)
) ENGINE=InnoDB  DEFAULT CHARSET=latin1 AUTO_INCREMENT=10 ;

--
-- Dumping data for table `c8_membership`
--

INSERT INTO `c8_membership` (`id`, `name`, `description`, `logo`, `price`, `duration_days`, `can_search`, `can_contact`, `max_skills`, `status`) VALUES
(1, 'FREE Member', 'dfgdfgdfg\r\ndfgdfgdfg', 'Chrysanthemum.jpg', '1.00', 30, 1, 0, 3, 0),
(2, 'Silver Member', 'dfsfsdfsdf', '', '1.00', 30, 1, 0, 3, 0),
(3, 'Gold Member', '', 'member.png', '1.00', 30, 1, 0, 3, 0),
(4, 'FREE Trainer', '', 'member.png', '1.00', 30, 1, 0, 3, 0),
(5, 'Silver Trainer', '', 'member.png', '1.00', 30, 1, 0, 3, 0),
(6, 'Gold Trainer', '', 'member.png', '1.00', 30, 1, 0, 3, 0),
(7, 'FREE Recruiter', '', 'member.png', '1.00', 30, 1, 0, 3, 0),
(8, 'Silver Recruiter', '', 'member.png', '1.00', 30, 1, 0, 3, 0),
(9, 'Gold Recruiter', '', 'member.png', '1.00', 30, 1, 0, 3, 0);

-- --------------------------------------------------------

--
-- Table structure for table ` c8_membership_roles`
--

CREATE TABLE IF NOT EXISTS ` c8_membership_roles` (
  `id` int(11) NOT NULL AUTO_INCREMENT,
  `membership_id` int(11) NOT NULL,
  `role_id` int(11) NOT NULL,
  PRIMARY KEY (`id`),
  KEY `membership_id` (`membership_id`,`role_id`),
  KEY `role_id` (`role_id`)
) ENGINE=InnoDB DEFAULT CHARSET=latin1 AUTO_INCREMENT=1 ;

-- --------------------------------------------------------

--
-- Table structure for table `c8_org`
--

CREATE TABLE IF NOT EXISTS `c8_org` (
  `id` int(11) NOT NULL AUTO_INCREMENT,
  `legal_name` varchar(255) NOT NULL DEFAULT '',
  `tax_number` varchar(255) NOT NULL DEFAULT '',
  `logo` varchar(255) NOT NULL DEFAULT 'logo.png',
  `billing_user_id` int(11) DEFAULT '0',
  `admin_user_id` int(11) DEFAULT '0',
  `is_registered` int(11) NOT NULL DEFAULT '0',
  PRIMARY KEY (`id`),
  KEY `c8_org_ibfk_1` (`billing_user_id`),
  KEY `c8_org_ibfk_2` (`admin_user_id`)
) ENGINE=InnoDB  DEFAULT CHARSET=latin1 AUTO_INCREMENT=102 ;

--
-- Dumping data for table `c8_org`
--

INSERT INTO `c8_org` (`id`, `legal_name`, `tax_number`, `logo`, `billing_user_id`, `admin_user_id`, `is_registered`) VALUES
(1, 'Zyntegra', 'sfsdfsdfsdfsdfsdfsdf', 'Koala.jpg', 4, NULL, 0),
(2, 'Krajcik-Kiehn', '5118698022959448', 'logo.png', 5, 7, 0),
(3, 'Orn-Mills', '4539566114333133', 'logo.png', 5, 7, 0),
(4, 'Lebsack PLC', '4916419883977982', 'logo.png', 5, 7, 0),
(5, 'McDermott, Hirthe and Greenfelder', '5373785240286173', 'logo.png', 5, 7, 0),
(6, 'Schimmel Inc', '6011491093741655', 'logo.png', 5, 7, 0),
(7, 'Jones-Schmitt', '5575659592826728', 'logo.png', 5, 7, 0),
(8, 'Schneider Group', '6011795464506335', 'logo.png', 5, 7, 0),
(9, 'Roberts, Schimmel and Huels', '5214797251873834', 'logo.png', 5, 7, 0),
(10, 'Zieme-Hahn', '5169514092522214', 'logo.png', 5, 7, 0),
(11, 'Johnston, Kertzmann and Fritsch', '4916846860149', 'logo.png', 5, 7, 0),
(12, 'Hermiston and Sons', '4929817686328', 'logo.png', 5, 7, 0),
(13, 'Keeling-O''Kon', '5231459061972350', 'logo.png', 5, 7, 0),
(14, 'Stokes LLC', '5468021748743192', 'logo.png', 5, 7, 0),
(15, 'Bosco, Kozey and Hermiston', '5321849623526465', 'logo.png', 5, 7, 0),
(16, 'Carroll-Welch', '4916821410450351', 'logo.png', 5, 7, 0),
(17, 'Lueilwitz-Cruickshank', '4916271607684', 'logo.png', 5, 7, 0),
(18, 'Wiegand, Daniel and Hyatt', '5384826780720804', 'logo.png', 5, 7, 0),
(19, 'Treutel LLC', '4716908346589741', 'logo.png', 5, 7, 0),
(20, 'Mayert-Carter', '5559526069841516', 'logo.png', 5, 7, 0),
(21, 'Langosh, Cole and O''Keefe', '4556543389995019', 'logo.png', 5, 7, 0),
(22, 'Cremin-Schmitt', '4532914085889', 'logo.png', 5, 7, 0),
(23, 'Hickle Ltd', '5214869475505805', 'logo.png', 5, 7, 0),
(24, 'Braun, Schmitt and Kuhlman', '5150723961803883', 'logo.png', 5, 7, 0),
(25, 'Bauch-Lemke', '5119617301588560', 'logo.png', 5, 7, 0),
(26, 'Cummerata-McClure', '4556281305036499', 'logo.png', 5, 7, 0),
(27, 'Hettinger, Hagenes and Parker', '6011069653939446', 'logo.png', 5, 7, 0),
(28, 'Schowalter-Heller', '4128979471369', 'logo.png', 5, 7, 0),
(29, 'Cassin, Wintheiser and Paucek', '5510491930348126', 'logo.png', 5, 7, 0),
(30, 'Hodkiewicz, Jacobson and Koss', '341648053770867', 'logo.png', 5, 7, 0),
(31, 'Botsford, Nolan and Schulist', '4556601880757', 'logo.png', 5, 7, 0),
(32, 'Grady Group', '4929028191167', 'logo.png', 5, 7, 0),
(33, 'Mertz Group', '5254352464105060', 'logo.png', 5, 7, 0),
(34, 'Leuschke-Hirthe', '377814941883935', 'logo.png', 5, 7, 0),
(35, 'Daugherty-Purdy', '375472336533003', 'logo.png', 5, 7, 0),
(36, 'Yost-Grant', '5176224163848552', 'logo.png', 5, 7, 0),
(37, 'Ritchie PLC', '5231142591624598', 'logo.png', 5, 7, 0),
(38, 'Corkery Group', '6011249904826739', 'logo.png', 5, 7, 0),
(39, 'Cartwright Ltd', '375468595257714', 'logo.png', 5, 7, 0),
(40, 'Cummings Group', '4716322231371', 'logo.png', 5, 7, 0),
(41, 'Stoltenberg, Swaniawski and Bode', '379337703741313', 'logo.png', 5, 7, 0),
(42, 'Klein Group', '4260211241828441', 'logo.png', 5, 7, 0),
(43, 'Parker-Dicki', '6011637760813322', 'logo.png', 5, 7, 0),
(44, 'Rogahn, Conroy and Nienow', '5152252522312828', 'logo.png', 5, 7, 0),
(45, 'Larson-Walter', '5121369020824415', 'logo.png', 5, 7, 0),
(46, 'Bashirian-Luettgen', '4929733481049183', 'logo.png', 5, 7, 0),
(47, 'Herzog-Schaden', '347840926334658', 'logo.png', 5, 7, 0),
(48, 'McKenzie PLC', '4916037462218', 'logo.png', 5, 7, 0),
(49, 'Rempel Inc', '5101381831400701', 'logo.png', 5, 7, 0),
(50, 'Brekke PLC', '4556236788243', 'logo.png', 5, 7, 0),
(51, 'Carroll and Sons', '5111140319219258', 'logo.png', 5, 7, 0),
(52, 'Volkman PLC', '379675541566297', 'logo.png', 5, 7, 0),
(53, 'Lowe Inc', '4929798299232', 'logo.png', 5, 7, 0),
(54, 'Gottlieb Inc', '4539683131041506', 'logo.png', 5, 7, 0),
(55, 'Fahey, Jerde and West', '347390790660226', 'logo.png', 5, 7, 0),
(56, 'Bahringer-Zboncak', '372503566751411', 'logo.png', 5, 7, 0),
(57, 'Schaden Inc', '4532515818900116', 'logo.png', 5, 7, 0),
(58, 'D''Amore and Sons', '374878396966407', 'logo.png', 5, 7, 0),
(59, 'Goldner, Lehner and Thiel', '4716132090751577', 'logo.png', 5, 7, 0),
(60, 'Boyer, Kozey and Casper', '4532779121581985', 'logo.png', 5, 7, 0),
(61, 'Ratke-Metz', '6011949913553659', 'logo.png', 5, 7, 0),
(62, 'Lind-Trantow', '4716070256893983', 'logo.png', 5, 7, 0),
(63, 'Rogahn-Murazik', '5584220594870427', 'logo.png', 5, 7, 0),
(64, 'Ankunding, Fahey and McLaughlin', '4024007158084292', 'logo.png', 5, 7, 0),
(65, 'Hudson PLC', '4024007159129161', 'logo.png', 5, 7, 0),
(66, 'Wilkinson and Sons', '4485069240712332', 'logo.png', 5, 7, 0),
(67, 'Becker, Thompson and Crist', '5399592827820709', 'logo.png', 5, 7, 0),
(68, 'Leuschke, Effertz and Schimmel', '4556329484510', 'logo.png', 5, 7, 0),
(69, 'Blanda, Vandervort and Cummings', '4716208327985988', 'logo.png', 5, 7, 0),
(70, 'Christiansen-Vandervort', '5587043275630325', 'logo.png', 5, 7, 0),
(71, 'Emard, Deckow and Lueilwitz', '5560236513119777', 'logo.png', 5, 7, 0),
(72, 'Stamm-Dietrich', '5134410329921471', 'logo.png', 5, 7, 0),
(73, 'Yundt-Olson', '4916126808370', 'logo.png', 5, 7, 0),
(74, 'Nicolas PLC', '4556011491846868', 'logo.png', 5, 7, 0),
(75, 'Larson, Tromp and Schoen', '5226424717829807', 'logo.png', 5, 7, 0),
(76, 'Langosh-Abshire', '5381154056555017', 'logo.png', 5, 7, 0),
(77, 'Bins Inc', '4916509209444426', 'logo.png', 5, 7, 0),
(78, 'Schimmel PLC', '4839473835016088', 'logo.png', 5, 7, 0),
(79, 'Bartell, McDermott and Cremin', '5514272834253638', 'logo.png', 5, 7, 0),
(80, 'Johnson-Bradtke', '5524174461933615', 'logo.png', 5, 7, 0),
(81, 'Leannon-Hills', '4532921703043550', 'logo.png', 5, 7, 0),
(82, 'Shields, Glover and Tremblay', '6011745662050537', 'logo.png', 5, 7, 0),
(83, 'Kerluke Inc', '5299287365558602', 'logo.png', 5, 7, 0),
(84, 'Thompson, Boyer and Thompson', '5342188730690251', 'logo.png', 5, 7, 0),
(85, 'Schneider LLC', '5287882990969838', 'logo.png', 5, 7, 0),
(86, 'Lang-Monahan', '5239964550492085', 'logo.png', 5, 7, 0),
(87, 'Price, Yost and Koelpin', '4929197007970', 'logo.png', 5, 7, 0),
(88, 'Streich Inc', '4716210214560148', 'logo.png', 5, 7, 0),
(89, 'Muller-McKenzie', '5258489124160162', 'logo.png', 5, 7, 0),
(90, 'Spencer-Lueilwitz', '5160181284119040', 'logo.png', 5, 7, 0),
(91, 'Cartwright, Emard and Mayer', '4716631112783', 'logo.png', 5, 7, 0),
(92, 'Ziemann Ltd', '4556376201251380', 'logo.png', 5, 7, 0),
(93, 'Labadie, Dooley and Zboncak', '4709170280269', 'logo.png', 5, 7, 0),
(94, 'Champlin Inc', '5195136723574659', 'logo.png', 5, 7, 0),
(95, 'Rowe Group', '5165756482360119', 'logo.png', 5, 7, 0),
(96, 'Berge Group', '4916658258445055', 'logo.png', 5, 7, 0),
(97, 'Bauch-Hettinger', '4531032548927', 'logo.png', 5, 7, 0),
(98, 'Grady Group', '5578697329338481', 'logo.png', 5, 7, 0),
(99, 'Cartwright-Mosciski', '4929585554386243', 'logo.png', 5, 7, 0),
(100, 'Deckow PLC', '4639037912970', 'logo.png', 5, 7, 0),
(101, 'Feest and Sons', '5388402651765694', 'logo.png', 5, 7, 0);

-- --------------------------------------------------------

--
-- Table structure for table `c8_profile`
--

CREATE TABLE IF NOT EXISTS `c8_profile` (
  `id` int(11) NOT NULL AUTO_INCREMENT,
  `slugname` varchar(16) NOT NULL DEFAULT '',
  `full_name` varchar(255) NOT NULL DEFAULT '',
  `label` varchar(255) NOT NULL,
  `short_title` varchar(255) NOT NULL DEFAULT '',
  `short_bio` text NOT NULL,
  `avatar` varchar(255) NOT NULL DEFAULT 'avatar.png',
  `template_id` int(11) NOT NULL DEFAULT '0',
  `is_active` int(11) NOT NULL DEFAULT '0',
  `is_public` int(11) NOT NULL DEFAULT '1',
  `can_contact` int(11) NOT NULL DEFAULT '1',
  `show_vouches` int(11) NOT NULL DEFAULT '1',
  `min_salary` int(11) NOT NULL DEFAULT '0',
  `user_id` int(11) NOT NULL DEFAULT '0',
  `hr_id` int(11) NOT NULL DEFAULT '0',
  `membership_id` int(11) NOT NULL DEFAULT '0',
  PRIMARY KEY (`id`),
  KEY `membership_id` (`membership_id`),
  KEY `template_id` (`template_id`),
  KEY `c8_profile_ibfk_1` (`user_id`),
  KEY `c8_profile_ibfk_2` (`hr_id`)
) ENGINE=InnoDB  DEFAULT CHARSET=latin1 AUTO_INCREMENT=108 ;

--
-- Dumping data for table `c8_profile`
--

INSERT INTO `c8_profile` (`id`, `slugname`, `full_name`, `label`, `short_title`, `short_bio`, `avatar`, `template_id`, `is_active`, `is_public`, `can_contact`, `show_vouches`, `min_salary`, `user_id`, `hr_id`, `membership_id`) VALUES
(7, 'nobis-distinctio', 'Earl Durgan IV', '', 'Sed distinctio quis inventore ipsam itaque aperiam vero.', 'Quibusdam minima eius architecto consequatur officia exercitationem. Doloremque aliquid voluptatem nisi similique suscipit minus. Non laboriosam saepe voluptate incidunt. Facilis qui ipsam labore omnis aut aut quos et. Voluptatem dolorum et odit non cupiditate voluptatum saepe saepe.', 'avatar.png', 2, 0, 1, 1, 1, 10000, 1, 63, 9),
(11, 'natus-et-optio-e', 'Rhianna Langosh', '', 'Nobis laboriosam magnam voluptatum vero vitae quia.', 'Enim voluptatem sunt ex voluptatem aliquid. Ex nulla sint eum quod autem deserunt dolores. Cum est omnis cum quasi nulla.', 'avatar.png', 2, 0, 1, 1, 1, 10000, 5, 34, 8),
(12, 'aspernatur-eveni', 'Desiree Klein', '', 'Earum et explicabo ratione est rerum eligendi.', 'Totam maxime et sequi rem. Sit vero magni rerum numquam similique. Alias amet ullam culpa nulla.', 'avatar.png', 2, 0, 1, 1, 1, 10000, 6, 12, 3),
(13, 'qui-atque-fugiat', 'Filiberto Lueilwitz', '', 'Aliquam ipsam quo ipsam natus cum.', 'Et distinctio quia necessitatibus quam. Corrupti quis et perferendis eius aliquam ut esse quasi. Id esse eius dolores quasi voluptas quas omnis. Similique ut laboriosam illo culpa non ipsam.', 'avatar.png', 2, 0, 1, 1, 1, 10000, 7, 50, 2),
(14, 'ullam-dolores-mi', 'Dr. Eliezer Abshire II', '', 'Expedita qui aliquid aut numquam voluptatum alias.', 'Aliquid odio possimus qui maxime veritatis quo quisquam. Dolore doloremque deleniti aut id possimus atque. Cupiditate velit occaecati natus et eum.', 'avatar.png', 2, 0, 1, 1, 1, 10000, 8, 24, 9),
(15, 'eius-assumenda-i', 'Afton Mohr', '', 'In perferendis quo cupiditate qui deleniti et nostrum.', 'Corrupti soluta maxime quo sed. Autem est ea dolorum non eligendi culpa tenetur autem. Esse qui est nesciunt rerum autem. Placeat eum perspiciatis ipsa asperiores ea libero qui et.', 'avatar.png', 2, 0, 1, 1, 1, 10000, 9, 84, 2),
(16, 'doloremque-volup', 'Aiden Ratke', '', 'Laudantium veritatis dolorem dicta consectetur.', 'Architecto amet soluta ullam distinctio quae. Esse quia dolore error molestiae est nobis. Facilis itaque saepe minus. Earum et consectetur neque aspernatur quo consequatur fugit.', 'avatar.png', 2, 0, 1, 1, 1, 10000, 10, 102, 5),
(17, 'voluptas-consequ', 'Arnold Rutherford Sr.', '', 'Est a inventore enim sit molestias.', 'Corrupti est perferendis magnam necessitatibus omnis quia. Quia omnis ut odio quibusdam incidunt quia numquam sit. Velit rem minima mollitia commodi sint natus.', 'avatar.png', 2, 0, 1, 1, 1, 10000, 11, 64, 8),
(18, 'asperiores-est-p', 'Rogelio Murphy', '', 'Expedita corporis quia sed ut dolores deleniti voluptatem.', 'Vitae tempora molestias et atque molestias dolor ab. Quia in natus aut vero maiores ducimus. Qui at consequatur eos id expedita eum maiores. Sunt ut reiciendis quas laudantium aut.', 'avatar.png', 2, 0, 1, 1, 1, 10000, 12, 98, 3),
(19, 'et-quasi-quia-na', 'Emory Bartell', '', 'Nihil veritatis est repellat dolor ipsa iusto.', 'Et ipsa unde unde quaerat quo. Corrupti ut aliquid perferendis voluptatem quas sunt. Facere iusto cumque iste. Explicabo asperiores consequatur deserunt ut libero.', 'avatar.png', 2, 0, 1, 1, 1, 10000, 13, 42, 9),
(20, 'commodi-ut-in-mo', 'Pearlie Beer', '', 'Dolore nobis consequatur delectus reiciendis vero.', 'Cum vero nemo accusantium voluptatibus et. Ut et ab quidem sunt ipsum rerum. Quas est illum voluptate tempore ipsam.\nAutem voluptas culpa voluptates officiis consequatur. Ea totam qui odit.', 'avatar.png', 2, 0, 1, 1, 1, 10000, 14, 107, 4),
(21, 'optio-dolorem-ni', 'Ahmad Ebert', '', 'Eos ut voluptatem qui eos est rerum.', 'Aperiam at ab qui voluptatibus atque repellat. Ullam qui dolor esse totam neque amet et.\nSequi totam atque voluptatem eos ea tempore. Ab impedit dolores est rem. Dignissimos occaecati est harum reiciendis.', 'avatar.png', 2, 0, 1, 1, 1, 10000, 15, 30, 8),
(22, 'deleniti-eos-sol', 'Haskell Cronin', '', 'Praesentium voluptatem unde quam fugiat voluptatem eius ut.', 'Sed eos pariatur aut sed. Velit impedit architecto et voluptates dolores ut et. Repudiandae perspiciatis id est sapiente magni optio. Voluptatem numquam facilis qui accusantium laborum architecto.', 'avatar.png', 2, 0, 1, 1, 1, 10000, 16, 34, 1),
(23, 'quam-at-doloribu', 'Ms. Rhianna Bayer DDS', '', 'Fugiat ut molestiae molestiae qui eveniet.', 'Veniam modi aut asperiores veniam ipsam. Cupiditate voluptas eaque labore. Assumenda sunt voluptas aliquid cupiditate.\nAut quia aut quo non. Veniam velit quae quam occaecati atque. Necessitatibus in soluta quia. Sapiente autem qui excepturi unde cum et quia aut.', 'avatar.png', 2, 0, 1, 1, 1, 10000, 17, 49, 8),
(24, 'nobis-aut-nemo-a', 'Jamison Kautzer DDS', '', 'Voluptatem tenetur molestiae consequatur at quis quia.', 'Nihil impedit qui cumque voluptas quis nulla molestiae voluptates. Culpa non tempore inventore est et sunt. Aut modi quas tempora quae aut.', 'avatar.png', 2, 0, 1, 1, 1, 10000, 18, 11, 3),
(25, 'similique-sunt-q', 'Miss Cathryn Schmitt', '', 'In magni eius rerum nostrum perferendis.', 'In hic est sit quibusdam consequatur illo voluptatem. Sint harum nesciunt ipsam iure rem iure voluptatem. Laudantium quibusdam hic beatae. Alias dicta voluptas asperiores facere consequatur quidem excepturi. Rerum qui atque voluptatibus quaerat dolor odit.', 'avatar.png', 2, 0, 1, 1, 1, 10000, 19, 77, 9),
(26, 'provident-et-ea-', 'Prof. Russell McLaughlin', '', 'Tempora aut sit molestiae accusamus.', 'Quo enim nemo aliquam eligendi maiores consequatur. Non tenetur autem ut itaque est. Quae quo nemo aut minus maiores voluptatem. Et excepturi quasi a delectus. Consequatur a unde quo accusantium.', 'avatar.png', 2, 0, 1, 1, 1, 10000, 20, 59, 7),
(27, 'magni-veniam-et-', 'Dr. Jedediah Maggio', '', 'Nam aut rerum est nulla accusantium totam.', 'Id eligendi est qui quia. Temporibus at vel assumenda minima et accusantium. Aut enim deleniti ipsa. Laboriosam et mollitia possimus architecto eum et.\nLabore commodi consectetur sunt inventore. Voluptatem autem quibusdam tenetur. Eius aut explicabo reprehenderit debitis ut nemo quos.', 'avatar.png', 2, 0, 1, 1, 1, 10000, 21, 80, 4),
(28, 'quisquam-quidem-', 'Dr. Eddie Medhurst II', '', 'Nobis libero alias in fugiat sit.', 'Ut reprehenderit est aut nihil sit. Consequatur consequatur ducimus a unde et.\nVoluptatem sapiente distinctio esse autem. At est itaque non tempore quis. Sunt dolorem aut sint ipsa natus vero asperiores sint.', 'avatar.png', 2, 0, 1, 1, 1, 10000, 22, 54, 2),
(29, 'aut-dolorem-aspe', 'Kasey Vandervort', '', 'Aut doloribus mollitia tempora voluptatum assumenda unde.', 'Cupiditate quibusdam impedit aut. Sunt vero provident modi vel nihil et qui. Aut sed laborum est eum est ut corporis.\nDucimus delectus est nemo ex ut sunt. Eum veritatis laboriosam vel inventore tempore ab voluptate saepe. Exercitationem voluptas enim dolorem excepturi atque.', 'avatar.png', 2, 0, 1, 1, 1, 10000, 23, 52, 9),
(30, 'esse-autem-excep', 'Cordelia McGlynn', '', 'Voluptatem veniam officia repellendus amet cupiditate ut.', 'Architecto qui totam sit sed dolor. Vel repudiandae quae aliquid occaecati. Dolores cum porro error aspernatur. Debitis ratione quasi quae nihil praesentium ex dolor sit.', 'avatar.png', 2, 0, 1, 1, 1, 10000, 24, 22, 4),
(31, 'exercitationem-d', 'Quincy Kreiger', '', 'Ipsam quas magni est eos numquam velit numquam ipsam.', 'Ab quas possimus nemo aliquid. Saepe quo est eveniet quis animi corrupti autem consequatur. Labore tenetur totam ratione vel impedit.\nSunt fugit iusto quia alias. Quasi eveniet quia ipsum reprehenderit eaque error illum. Laboriosam nulla et qui velit quisquam.', 'avatar.png', 2, 0, 1, 1, 1, 10000, 25, 82, 2),
(32, 'molestias-praese', 'Genevieve Kerluke', '', 'Dolorum aperiam nihil deleniti quo.', 'Vel dolor expedita placeat fuga. Quae voluptas error harum ea et. Cupiditate veritatis culpa delectus quasi est vero. Ipsam et totam nostrum ut eos.', 'avatar.png', 2, 0, 1, 1, 1, 10000, 26, 26, 3),
(33, 'pariatur-perfere', 'Mr. Junior Runte', '', 'Sequi et voluptas fugiat fugit est.', 'Quis quas et iusto temporibus. Voluptatum odio sit rerum dolores. Et qui suscipit aut et voluptatem quasi. Explicabo et officiis quasi inventore aliquam molestiae.', 'avatar.png', 2, 0, 1, 1, 1, 10000, 27, 23, 3),
(34, 'voluptatem-occae', 'Alfonzo Boehm', '', 'Culpa repellat est eaque facere dolores facilis.', 'Eum deserunt consequatur minima velit laudantium tempore et. Laboriosam eaque optio ab at eos quia est. Vel dignissimos sapiente soluta explicabo. Animi facilis consequatur odio quas. Aut quis ipsam mollitia et.', 'avatar.png', 2, 0, 1, 1, 1, 10000, 28, 92, 5),
(35, 'aut-molestiae-of', 'Mr. Kody Mohr Sr.', '', 'Non impedit aliquid facere.', 'Minus quod consequatur est voluptatem. Aspernatur dignissimos nulla non aut dolorum. Earum vitae velit deleniti cumque qui.\nEst vel impedit dolores suscipit nobis pariatur eligendi. At itaque facere voluptatem suscipit occaecati qui. Adipisci modi natus consequatur quos dolores.', 'avatar.png', 2, 0, 1, 1, 1, 10000, 29, 63, 9),
(36, 'doloremque-ut-te', 'Johann Macejkovic', '', 'Consequatur minus in quis architecto vel hic at itaque.', 'Et dolore reprehenderit dolor esse. Quibusdam et eum aut natus. Earum sunt ex cumque corrupti aperiam ad soluta. Voluptatibus rerum ut voluptas est.', 'avatar.png', 2, 0, 1, 1, 1, 10000, 30, 2, 8),
(37, 'omnis-impedit-er', 'Dr. Esta Jenkins', '', 'Dicta at dicta minus illo consequatur.', 'Ex tempora molestiae perferendis sit fuga officia officiis. Iste aliquid sint alias dignissimos. Maxime inventore quae sit omnis quae ex. Dignissimos error ut inventore quia. Sed et ipsam sit distinctio omnis.', 'avatar.png', 2, 0, 1, 1, 1, 10000, 31, 110, 7),
(38, 'ut-et-inventore-', 'Prof. Zaria Gislason', '', 'Laborum rem dolores sint aut et voluptas.', 'Commodi ipsa quis omnis ea. Aut non consequatur consequatur. Distinctio eligendi vero earum dolorem aperiam.\nDeleniti pariatur aut accusamus eum blanditiis. Sint dolorem occaecati sint eos dolores qui quae aliquam. Consequatur laborum quis molestiae veniam officia.', 'avatar.png', 2, 0, 1, 1, 1, 10000, 32, 88, 7),
(39, 'est-architecto-v', 'Kayli Fisher', '', 'Est placeat amet ipsa et quia ut harum.', 'Et deleniti maxime dolores sit autem cum officia itaque. Corporis dolor molestias ut qui dolor omnis earum. Sunt quia impedit voluptatem nemo voluptatibus eos. Ducimus quaerat laborum vel debitis nesciunt.', 'avatar.png', 2, 0, 1, 1, 1, 10000, 33, 27, 1),
(40, 'occaecati-quidem', 'Mrs. Violette Stamm', '', 'Voluptatibus pariatur dignissimos deserunt qui consequatur atque.', 'Mollitia tempore quibusdam sit eos. Perferendis non ut enim quidem ut.\nSit sapiente quas est corporis. Qui vel ipsa dolores amet consequatur et libero tempora.\nEos aut aliquam et veritatis quia sunt non. Omnis aut unde ipsa quis. Adipisci et rem error amet.', 'avatar.png', 2, 0, 1, 1, 1, 10000, 34, 38, 5),
(41, 'qui-modi-at-saep', 'Jovanny Casper', '', 'Ea eveniet aut et ipsa.', 'Consequatur ut quis distinctio facere. Voluptatem aut aliquid et asperiores inventore est dignissimos. Alias ratione totam vel recusandae odio distinctio ullam.', 'avatar.png', 2, 0, 1, 1, 1, 10000, 35, 45, 7),
(42, 'voluptatem-dolor', 'Miss Monica Mayert', '', 'Provident similique est ipsa distinctio est aliquid exercitationem molestias.', 'Et possimus eum dignissimos quia nostrum ratione. Deserunt consequatur vel incidunt voluptatem nam perspiciatis. Ab exercitationem officia nisi facere quam sit accusantium.\nVoluptatem quo illum cumque quas eum. Eius sed facere a odit modi provident repellendus. Ullam quasi voluptatem autem libero.', 'avatar.png', 2, 0, 1, 1, 1, 10000, 36, 49, 8),
(43, 'non-reprehenderi', 'Kathleen Gislason', '', 'Voluptates rerum dignissimos ea cupiditate consequuntur numquam sit.', 'Ut omnis esse nihil necessitatibus quis. Et dignissimos id nam nihil et harum. Sint itaque et illo est eveniet iste.\nReiciendis velit cupiditate ut et. Et natus necessitatibus et mollitia ea. Quae distinctio consequuntur atque sequi. Iure aliquam quas quia inventore.', 'avatar.png', 2, 0, 1, 1, 1, 10000, 37, 67, 5),
(44, 'veritatis-sint-e', 'Mrs. Jewell Reynolds V', '', 'Culpa officiis cupiditate et nisi aut molestias sed.', 'Officia illum optio voluptas. Ducimus nobis quibusdam illo quia repellendus et. Ipsum pariatur et assumenda ipsam accusantium autem laboriosam.', 'avatar.png', 2, 0, 1, 1, 1, 10000, 38, 74, 3),
(45, 'sit-explicabo-of', 'Justus Wyman DDS', '', 'Officia velit repellendus quia fugiat.', 'Qui optio ut voluptatem. In perferendis qui quis voluptate. Minima voluptatem recusandae debitis cumque et.', 'avatar.png', 2, 0, 1, 1, 1, 10000, 39, 46, 4),
(46, 'voluptates-sunt-', 'Bart Grimes', '', 'Eaque accusamus odit a veniam cum eligendi.', 'Assumenda et consequatur corrupti cupiditate quisquam velit. Voluptatibus error enim ipsa eveniet expedita. Quis dolor quis est quia velit vel.\nVoluptatem provident distinctio enim voluptas est. Doloribus id natus laudantium consectetur velit illo cumque. Sed eaque veritatis molestiae et quasi.', 'avatar.png', 2, 0, 1, 1, 1, 10000, 40, 35, 1),
(47, 'facilis-voluptat', 'Rosa Paucek', '', 'Similique ex id eum nesciunt totam temporibus qui.', 'Debitis omnis commodi est ad. Neque architecto et blanditiis nemo sit dolores. Officiis aliquam inventore blanditiis non nisi quas similique. Sit itaque officiis rerum autem.\nUt facilis libero incidunt sed totam. Minus laudantium culpa est omnis eos et eos.', 'avatar.png', 2, 0, 1, 1, 1, 10000, 41, 50, 1),
(48, 'harum-cupiditate', 'Mr. Luigi Crona DDS', '', 'Delectus eum inventore vero ipsa.', 'Aut repellat vel ut et. Beatae praesentium illum qui libero ducimus. Fugiat quia nam asperiores est alias labore.\nMaxime porro aliquam et magnam dolorem ut. Fuga voluptatum aspernatur eum in et aut ea. Ducimus tempora quia ad nemo. Qui id reprehenderit iure.', 'avatar.png', 2, 0, 1, 1, 1, 10000, 42, 89, 1),
(49, 'fuga-facere-veli', 'Brennan Rau', '', 'Sunt facere beatae debitis velit doloremque nihil ipsum.', 'Recusandae non libero porro occaecati aliquam reprehenderit voluptatem dolor. Consectetur ut minima assumenda voluptatem amet. Necessitatibus error ut consequatur.\nRecusandae nihil labore eligendi dolorem. Animi deserunt excepturi sed sapiente ut. Sit debitis cum tempore et repudiandae.', 'avatar.png', 2, 0, 1, 1, 1, 10000, 43, 46, 3),
(50, 'placeat-fugit-er', 'Mr. Dashawn Rogahn III', '', 'Itaque ipsa magnam sapiente ut facilis tempore.', 'Suscipit aliquid eum necessitatibus debitis facilis vel esse quod. Delectus rerum molestias iste. Adipisci molestias cumque neque fugiat aliquid consequatur. Ad voluptates aspernatur eum earum provident et.', 'avatar.png', 2, 0, 1, 1, 1, 10000, 44, 46, 5),
(51, 'corrupti-quidem-', 'Miss Caleigh Green V', '', 'Fugit amet officiis id sunt eum autem.', 'Et quam accusamus delectus fugit. Quis delectus voluptatem ducimus architecto. Dolore voluptas ea optio minus modi et. Molestiae molestias suscipit ut architecto illo voluptatem.', 'avatar.png', 2, 0, 1, 1, 1, 10000, 45, 47, 1),
(52, 'laboriosam-disti', 'Esta Ebert', '', 'Neque voluptatibus dolores et facere necessitatibus tenetur aut.', 'Et quibusdam neque quo consequuntur. Temporibus architecto porro iste error necessitatibus. Rerum maxime omnis deleniti sit quod libero.\nEst nostrum ut consequatur nobis voluptatibus ipsum. Excepturi iste culpa perferendis quas dolores. Accusantium nam laudantium aut quasi assumenda odio suscipit.', 'avatar.png', 2, 0, 1, 1, 1, 10000, 46, 81, 8),
(53, 'nihil-facere-mol', 'Major Kirlin', '', 'Aspernatur error neque ratione aspernatur veritatis.', 'Numquam nihil qui veniam reprehenderit non accusantium qui. Rerum vel quos fuga magni voluptatem eum quia. Labore maiores autem facere culpa qui cumque qui.', 'avatar.png', 2, 0, 1, 1, 1, 10000, 47, 46, 4),
(54, 'a-quibusdam-in-n', 'Euna Dach', '', 'Qui libero quia et reiciendis.', 'Iure sed rerum et quia nisi. Minima magnam omnis nihil ut eligendi. Architecto ipsa blanditiis nemo magnam quia.\nFugiat minima nostrum omnis sed voluptatem officia. Rerum perspiciatis quia autem id et sit. Vel iure explicabo dolorem autem saepe.', 'avatar.png', 2, 0, 1, 1, 1, 10000, 48, 37, 2),
(55, 'quo-quia-sint-vo', 'Hailie Miller I', '', 'Saepe enim eos qui numquam consequatur.', 'Consequatur in sunt quis molestiae similique consequatur fugit. Error aspernatur sit consectetur at aut. Velit reprehenderit dolor repellendus asperiores.\nSit optio sunt nobis vel aperiam aut ducimus. Veritatis et dolor ut enim amet. Beatae aut repellendus voluptatem accusamus. At soluta ea nemo.', 'avatar.png', 2, 0, 1, 1, 1, 10000, 49, 91, 6),
(56, 'soluta-quia-at-o', 'Osborne Reinger', '', 'Non dolores vel qui minima aut.', 'Qui vitae est est quia magni magnam. Nemo quaerat unde explicabo est quos repudiandae dolorem beatae. Numquam earum et itaque debitis.\nEt et corrupti est impedit eaque. Ut qui dicta provident commodi quidem. Et quas qui quo provident.', 'avatar.png', 2, 0, 1, 1, 1, 10000, 50, 95, 5),
(57, 'sit-expedita-ips', 'Damien Ziemann', '', 'Omnis eaque ullam sed sint facere nesciunt qui.', 'Blanditiis expedita officiis dignissimos quis occaecati. Id earum ab et voluptas maiores dolores. Earum veritatis commodi accusamus minus quisquam et at consequuntur. Quos et voluptas quo ex in.', 'avatar.png', 2, 0, 1, 1, 1, 10000, 51, 69, 8),
(58, 'accusamus-distin', 'Clement Conroy', '', 'Rem quo consequuntur quam id quo.', 'Nam amet vitae exercitationem repudiandae qui quia. Eum assumenda quod quo perspiciatis voluptatibus asperiores. Voluptatem dicta et optio est sit deserunt.\nNeque quaerat esse est dolorum. Vero ipsum sint culpa dolor doloribus enim. Quae velit aspernatur dolor voluptas impedit dolorem sunt enim.', 'avatar.png', 2, 0, 1, 1, 1, 10000, 52, 64, 2),
(59, 'ut-voluptates-et', 'Mr. Darryl Roberts', '', 'Numquam perferendis nesciunt at error.', 'Ex ut voluptates porro. Corrupti dolorem aliquam et natus optio. Ut eaque ullam voluptatum debitis vel id amet. Non modi esse et at perspiciatis.', 'avatar.png', 2, 0, 1, 1, 1, 10000, 53, 103, 1),
(60, 'molestiae-et-seq', 'Josefa Hettinger', '', 'Nisi qui ut sint quo optio.', 'Ex provident eos cumque a asperiores. Omnis odit illum eum qui in alias. Et aut quisquam nulla occaecati.\nIpsa ut sit omnis. Est sequi et porro dolor. Officiis sunt aut velit voluptates exercitationem at.', 'avatar.png', 2, 0, 1, 1, 1, 10000, 54, 20, 6),
(61, 'sed-voluptas-eni', 'Miss Kaylie Huel PhD', '', 'Soluta consectetur nostrum et dicta dolores sed.', 'Quisquam fugit repellendus consectetur ut expedita distinctio. Vel reprehenderit omnis sed voluptates ut illum. Ea enim autem nesciunt aut.\nId ad cum ut eius autem a quia vero. Praesentium voluptates aut explicabo voluptatum.', 'avatar.png', 2, 0, 1, 1, 1, 10000, 55, 66, 2),
(62, 'autem-iusto-blan', 'Isom Kshlerin', '', 'Temporibus quia a voluptas molestiae.', 'Deleniti eius reprehenderit aut provident unde ea. Eveniet ratione ut recusandae temporibus ex. Soluta nam enim nemo perspiciatis eveniet voluptas. Perferendis ex aut ducimus ipsum consequatur.', 'avatar.png', 2, 0, 1, 1, 1, 10000, 56, 47, 2),
(63, 'qui-sit-repudian', 'Dr. Kendall Wilkinson', '', 'Architecto iusto et molestiae natus.', 'Architecto tempore sint distinctio quia enim occaecati. Iusto et et ipsum ut et ipsa. Assumenda vel in amet esse voluptates error.', 'avatar.png', 2, 0, 1, 1, 1, 10000, 57, 29, 3),
(64, 'distinctio-asper', 'Genevieve Ward', '', 'Beatae dolorum aliquam dolore praesentium.', 'Dolore dolores omnis ex. Explicabo occaecati eos voluptas sint. Deleniti sit ipsa ullam perspiciatis consectetur ducimus et. Est fugiat beatae delectus assumenda.', 'avatar.png', 2, 0, 1, 1, 1, 10000, 58, 30, 5),
(65, 'dolores-debitis-', 'Donnell McLaughlin', '', 'Aut reprehenderit dolorum repellat nostrum.', 'Nemo vero quibusdam assumenda sit quam sed. Eum veniam voluptas consequatur laudantium nihil minus iusto voluptatem. Vel laborum soluta qui sed.', 'avatar.png', 2, 0, 1, 1, 1, 10000, 59, 92, 7),
(66, 'ullam-dolorem-te', 'Ms. Verna Nader PhD', '', 'Repellat non est est quae nam est.', 'Non enim dicta autem quia nobis veniam vel praesentium. Rem dolorem quod error. Rerum et quia harum corrupti incidunt ab quasi.\nLaborum neque nam voluptatum fuga assumenda assumenda sed. Neque sed autem dolores. Numquam minus dolorum nulla fugiat ea. Dolore hic ipsa quo fuga.', 'avatar.png', 2, 0, 1, 1, 1, 10000, 60, 66, 6),
(67, 'molestiae-perspi', 'Prof. Keyshawn Gislason', '', 'Necessitatibus corporis quibusdam accusantium.', 'Quasi quibusdam aliquam quos voluptatem quam voluptatem. Et et sed laboriosam aut. Ipsum expedita aut ipsum recusandae maiores ut voluptas.\nVoluptatum deserunt architecto eveniet. Aut itaque voluptas fuga. Magni in laboriosam dolore eius.', 'avatar.png', 2, 0, 1, 1, 1, 10000, 61, 85, 6),
(68, 'sit-blanditiis-e', 'Bennie Tromp DDS', '', 'Maxime incidunt aliquam eum quo quia sit.', 'Porro eos harum dolorum deserunt necessitatibus. Soluta placeat qui saepe deserunt minima. Quis minus nulla quibusdam recusandae vero et facere corrupti.\nCum et in explicabo rerum voluptate reiciendis. Ab et sit consequatur aut sed omnis rem. Delectus officia voluptatem eius quos rem.', 'avatar.png', 2, 0, 1, 1, 1, 10000, 62, 66, 7),
(69, 'omnis-a-dicta-ut', 'Walker Gibson', '', 'Ut illo quo odio dolorem.', 'Fugit rerum quia quo. Iste animi assumenda sed et. Voluptatum et dolorem tempora iusto. Molestias autem ipsam magni.\nOfficia sapiente placeat architecto. Quos et amet dolor consequuntur. Repellat sit quo soluta ex.', 'avatar.png', 2, 0, 1, 1, 1, 10000, 63, 79, 9),
(70, 'omnis-quo-earum-', 'Hope Hahn', '', 'Recusandae quaerat sunt similique ex aut laboriosam.', 'Possimus libero voluptate consequuntur quo quis similique. Cum et quibusdam ex. Natus et alias quia aliquid corporis. Ut totam harum et officia magnam dicta eos.', 'avatar.png', 2, 0, 1, 1, 1, 10000, 64, 99, 5),
(71, 'laborum-quia-id-', 'Tavares Abernathy', '', 'Aut facilis accusantium architecto voluptatibus dolor rerum.', 'Iure iure totam non qui quidem ea. Omnis veniam nesciunt veniam et. Corporis explicabo magni a quas et qui. Esse eligendi aspernatur cum quis error vel culpa corrupti.', 'avatar.png', 2, 0, 1, 1, 1, 10000, 65, 36, 6),
(72, 'mollitia-animi-p', 'Betty Larson DDS', '', 'Est dicta iste non et alias.', 'Omnis necessitatibus tempora voluptates saepe doloribus. Velit quia aut iure. Deserunt omnis sed debitis facere ad dolor et quisquam.', 'avatar.png', 2, 0, 1, 1, 1, 10000, 66, 56, 6),
(73, 'aut-tempore-mole', 'Kolby Ortiz', '', 'Id rerum officiis minus nisi minima excepturi voluptas.', 'Voluptatem debitis quasi et recusandae. Sint voluptatem rerum qui voluptatem et eos. Totam est fugiat ad.\nEnim quam eum ratione nostrum eveniet incidunt natus. Ab quo fuga est mollitia.', 'avatar.png', 2, 0, 1, 1, 1, 10000, 67, 110, 9),
(74, 'suscipit-volupta', 'Dorris Schinner', '', 'Hic accusantium distinctio excepturi.', 'Iure ut et corporis rerum laudantium sit minima similique. Illum animi tempora eveniet laudantium et perspiciatis quia. Tempore esse facilis et repudiandae animi provident.', 'avatar.png', 2, 0, 1, 1, 1, 10000, 68, 36, 5),
(75, 'dicta-quaerat-te', 'Callie Beier III', '', 'Sunt eum labore magni quas numquam officia pariatur.', 'Sed earum aut nobis in. Magnam neque aut rerum velit ea dolores voluptas. Ea eligendi est ea et vitae nihil et et.\nNesciunt rerum distinctio autem repellendus sit ut qui dolores. Facilis sed omnis non odit. Illo vitae voluptatem natus blanditiis.', 'avatar.png', 2, 0, 1, 1, 1, 10000, 69, 58, 8),
(76, 'impedit-aut-et-p', 'Mr. Duncan Casper', '', 'Et dolore maxime odio libero omnis nemo sit.', 'Accusantium magnam quo rem. Qui quam distinctio cumque est illum quae officia. Suscipit officia vero fuga neque et possimus accusantium ullam.\nRerum aut atque eligendi. Sit amet rem in ut cumque sit est. At ut non tempora nobis unde. Qui voluptatibus et ab est minus.', 'avatar.png', 2, 0, 1, 1, 1, 10000, 70, 42, 8),
(77, 'dolorem-eos-vel-', 'Mr. Grady Bergstrom', '', 'Recusandae dolorum aliquam atque vel qui quas.', 'Reprehenderit et et quisquam. Natus accusantium rem molestiae aut nostrum porro porro possimus. Distinctio modi iusto magni quisquam quisquam.', 'avatar.png', 2, 0, 1, 1, 1, 10000, 71, 107, 3),
(78, 'voluptate-neque-', 'Miss Monique Mante V', '', 'Assumenda nisi modi aut vitae voluptates explicabo.', 'Qui dolores quia doloribus. Ut ut similique nobis eos eos qui blanditiis. Deleniti quo harum omnis eius. Aut corrupti perferendis praesentium perspiciatis distinctio officiis voluptas. Nisi et beatae iste est fugit soluta praesentium.', 'avatar.png', 2, 0, 1, 1, 1, 10000, 72, 62, 9),
(79, 'eum-sit-aut-volu', 'Prof. Garrison Mills', '', 'Quibusdam sed placeat sed laudantium odio accusantium sint ex.', 'Nobis aut et qui distinctio. Nisi quisquam reprehenderit repudiandae doloremque enim corrupti numquam sunt. Quasi ut exercitationem voluptatum quia et ipsum. Vel occaecati earum vel qui at eligendi. Distinctio consequuntur qui itaque praesentium optio quae placeat.', 'avatar.png', 2, 0, 1, 1, 1, 10000, 73, 111, 1),
(80, 'omnis-voluptas-v', 'Aimee Hirthe', '', 'Amet nostrum hic cum quaerat.', 'Cumque enim autem atque laudantium et. Sit ut a accusantium voluptas libero temporibus beatae a.\nFugiat omnis qui blanditiis dolor voluptatem. Dolor vel iure accusamus quia adipisci maxime ut est. Facilis omnis dolor provident sit corrupti ut aut sapiente. Nulla iure sit ut modi molestias labore.', 'avatar.png', 2, 0, 1, 1, 1, 10000, 74, 8, 6),
(81, 'est-necessitatib', 'Beverly Hackett', '', 'In cumque accusamus reiciendis.', 'Nesciunt eaque iste sunt vel numquam sed culpa. Et sit consequatur omnis ullam eveniet id hic. Perspiciatis aut architecto sit aut quas ut aspernatur. Est dicta accusamus iusto quas.\nOmnis labore voluptatem accusantium natus veniam ipsum. Aut aut quia odio. Veritatis eum eaque quia est velit.', 'avatar.png', 2, 0, 1, 1, 1, 10000, 75, 1, 8),
(82, 'non-est-architec', 'Dr. Felicity Leffler IV', '', 'Laudantium enim molestiae numquam velit.', 'Ut vel voluptatum id. Omnis et quae doloremque minima voluptatem. Sit id quas minima. Enim ea sunt unde velit.', 'avatar.png', 2, 0, 1, 1, 1, 10000, 76, 26, 3),
(83, 'sunt-reiciendis-', 'Mr. Jamir Quitzon III', '', 'Quia sit deserunt dolores quaerat veritatis voluptatibus dicta doloribus.', 'Ut mollitia optio et. Quia provident eos tempora. Delectus et nostrum laboriosam at non enim. Non impedit molestiae voluptatem optio. Accusamus sapiente sed autem facere fuga nulla.\nNecessitatibus perferendis quasi voluptas blanditiis provident quia atque. Aut quae ea accusantium magni.', 'avatar.png', 2, 0, 1, 1, 1, 10000, 77, 29, 8),
(84, 'neque-vitae-aut-', 'Amely Ebert V', '', 'Unde ea modi dolorum architecto voluptatem consectetur sed.', 'Magni dolorum vero vero. Soluta placeat delectus quis neque eveniet. Perspiciatis dolores soluta est.', 'avatar.png', 2, 0, 1, 1, 1, 10000, 78, 79, 2),
(85, 'excepturi-et-rem', 'Kelvin Orn', '', 'Aperiam aut aliquam dolore tempore.', 'Distinctio eligendi tempore distinctio in. Eius excepturi id voluptas itaque qui. Nihil quaerat voluptas ab illum odit et. Est quod et minus vel dicta nihil.', 'avatar.png', 2, 0, 1, 1, 1, 10000, 79, 33, 6),
(86, 'est-quia-labore-', 'Zula Marks', '', 'Laudantium qui ipsum nisi est expedita.', 'Deserunt quis voluptate aut optio repudiandae. Accusantium impedit deserunt nisi enim voluptas. Provident modi porro accusantium dolorem facilis quo delectus. Optio eos incidunt sit.', 'avatar.png', 2, 0, 1, 1, 1, 10000, 80, 45, 4),
(87, 'perferendis-cons', 'Elsa Nikolaus', '', 'Id et sed praesentium ducimus.', 'Eum impedit necessitatibus quis maxime qui numquam consequatur. Officia reprehenderit laudantium vero. Voluptates vel molestiae dolores quidem natus autem. Quia ut suscipit voluptatibus rerum quis sint commodi quasi. Rerum et est mollitia totam est.', 'avatar.png', 2, 0, 1, 1, 1, 10000, 81, 110, 6),
(88, 'enim-voluptatem-', 'Vella Casper', '', 'Sunt facere non nulla odit.', 'Similique et voluptates mollitia quia corrupti. Non reprehenderit voluptatem exercitationem necessitatibus culpa quo. Ut qui ut exercitationem inventore nisi consequatur.\nEt sed ipsum sed impedit velit. Laboriosam occaecati quod quis soluta. Nemo unde nemo illum ut voluptas magni consequuntur odit.', 'avatar.png', 2, 0, 1, 1, 1, 10000, 82, 109, 9),
(89, 'sunt-eius-omnis-', 'Patience Becker', '', 'Consectetur maiores labore et aut unde.', 'Ducimus odit cum aspernatur accusamus. Et quidem fugit eius repellat repudiandae et quia. Consequatur delectus blanditiis odit rerum temporibus laborum ut qui.', 'avatar.png', 2, 0, 1, 1, 1, 10000, 83, 64, 8),
(90, 'quis-est-nesciun', 'Olin Davis I', '', 'Impedit voluptatem illo et iure magnam sint.', 'Quo modi ut aut in. Ducimus maxime repudiandae possimus quia omnis odit in est. Velit non suscipit alias ipsa qui. Temporibus occaecati harum exercitationem eligendi. Excepturi saepe ut sit qui doloremque illo ducimus.', 'avatar.png', 2, 0, 1, 1, 1, 10000, 84, 61, 2),
(91, 'totam-odio-conse', 'Maya Kirlin', '', 'Sunt vel aliquam accusamus eos quo autem recusandae.', 'Omnis omnis consequatur laboriosam suscipit. Occaecati nemo animi quasi. Provident non eum sapiente et est doloribus rerum. Deleniti quibusdam doloremque sit accusamus nesciunt nisi repellat.', 'avatar.png', 2, 0, 1, 1, 1, 10000, 85, 87, 4),
(92, 'iste-quaerat-cor', 'Quinten Leuschke Sr.', '', 'Necessitatibus provident necessitatibus suscipit aut facere voluptatem consequatur.', 'Harum dolorum eligendi quasi officiis nesciunt quis. Voluptate adipisci et qui sit id odio. Nisi pariatur voluptate sint tempore est adipisci.', 'avatar.png', 2, 0, 1, 1, 1, 10000, 86, 43, 2),
(93, 'vitae-a-qui-offi', 'Maxwell Schoen IV', '', 'Harum ut in porro voluptatem.', 'Dolor deleniti qui quibusdam quia ea id nam. Temporibus ea nam omnis consectetur ad cupiditate. Non laboriosam pariatur qui rem.\nAccusantium veniam neque officiis inventore reiciendis. Sed sed asperiores maxime enim nihil impedit. Fuga qui a voluptatem et qui.', 'avatar.png', 2, 0, 1, 1, 1, 10000, 87, 111, 2),
(94, 'sequi-culpa-null', 'Mrs. Ayla Parisian', '', 'Asperiores iusto et dolores quaerat doloribus blanditiis voluptatum.', 'Inventore nobis expedita nihil quia aut est. A tenetur quam ducimus. Doloremque aut doloremque quis quidem voluptas.', 'avatar.png', 2, 0, 1, 1, 1, 10000, 88, 64, 3),
(95, 'et-repellat-magn', 'Dr. Declan Rice', '', 'Reiciendis molestiae nulla omnis ut sit enim repellendus.', 'Quo expedita optio sapiente modi incidunt sapiente officia. Incidunt excepturi similique harum quasi nisi qui quo. Deleniti architecto pariatur asperiores.\nDucimus et vitae necessitatibus dicta. Possimus modi molestias alias minima aut laborum ratione. Numquam repudiandae nobis quaerat.', 'avatar.png', 2, 0, 1, 1, 1, 10000, 89, 26, 2),
(96, 'consequatur-eaqu', 'Ms. Karelle Kozey PhD', '', 'Est ipsum accusantium rerum porro.', 'Magnam cumque ad quis et praesentium sit non. Commodi minima illum doloribus illo. Sapiente et et maxime blanditiis dolores. Provident quidem exercitationem sit et quo.', 'avatar.png', 2, 0, 1, 1, 1, 10000, 90, 81, 8),
(97, 'facilis-aut-vel-', 'Alphonso Ortiz I', '', 'Rem veritatis consectetur ipsam necessitatibus quia iste enim.', 'Corrupti harum nemo et nesciunt minus possimus possimus. Omnis laudantium vel numquam rem debitis modi doloribus. Ut molestias rerum omnis enim.\nLibero et et inventore id. Illum corporis debitis et nostrum reprehenderit quasi. Corrupti sed dignissimos quia quia et qui. Quae vitae id eos.', 'avatar.png', 2, 0, 1, 1, 1, 10000, 91, 54, 7),
(98, 'rerum-est-est-ve', 'Brennan Kuphal', '', 'Aut reiciendis natus enim quia eos quia accusamus.', 'Ullam sunt voluptatem quos eos blanditiis. Dolorem sit illo expedita et. Non earum hic et amet id modi.\nOptio quidem nihil quia consequatur magni provident sint. Velit corporis sequi sit nobis. Sit deleniti odit fugiat provident est. Et dolores nam labore in eum ut cumque molestiae.', 'avatar.png', 2, 0, 1, 1, 1, 10000, 92, 24, 9),
(99, 'sunt-debitis-duc', 'Eugenia Bechtelar I', '', 'Porro sed molestiae adipisci.', 'Amet consequatur quo error ex deleniti debitis non. Nostrum ut quo vitae unde alias ea. Nam doloremque et nisi beatae inventore commodi. Quia quis eius illo et et.', 'avatar.png', 2, 0, 1, 1, 1, 10000, 93, 100, 8),
(100, 'voluptatum-qui-f', 'Carson Kirlin', '', 'Omnis ducimus odit facilis.', 'Asperiores voluptate eum ipsam sunt. Quis delectus animi corporis delectus est nisi.\nQui quis illo eum repudiandae cumque quis. Veniam occaecati necessitatibus sed temporibus aliquam rerum et sit.', 'avatar.png', 2, 0, 1, 1, 1, 10000, 94, 38, 9),
(101, 'ut-similique-nul', 'Zoila Lesch', '', 'Dicta quibusdam autem et ipsam ad at ut.', 'Perspiciatis sint quis est id vero error culpa. Excepturi ut beatae id cumque pariatur adipisci. Suscipit maxime sint cupiditate in saepe dolor sit consequatur.', 'avatar.png', 2, 0, 1, 1, 1, 10000, 95, 23, 4),
(102, 'quibusdam-eos-co', 'Mrs. Icie Goyette Jr.', '', 'Perspiciatis ullam cumque vero aliquid.', 'Rem fuga nostrum hic impedit assumenda repellat quas. Maxime ipsa non unde fugiat tempora veritatis hic. Dolorem quas aliquam est in quasi. Aliquid assumenda et quia a nisi et.', 'avatar.png', 2, 0, 1, 1, 1, 10000, 96, 33, 3),
(103, 'corrupti-natus-i', 'Prof. Keagan Gaylord', '', 'Voluptatum omnis sint quos.', 'Et nam et consequatur perspiciatis totam corporis. Ipsa reiciendis ut ut quo qui qui ut. Ut quia inventore voluptas eligendi qui doloremque ea.', 'avatar.png', 2, 0, 1, 1, 1, 10000, 97, 66, 3),
(104, 'repudiandae-odio', 'Halie Mills', '', 'Assumenda quaerat vitae quas ipsam fugit quis quia.', 'At sunt suscipit modi illum. Atque tempore a et voluptatem. Temporibus molestiae qui et quia consequatur ipsum recusandae.', 'avatar.png', 2, 0, 1, 1, 1, 10000, 98, 103, 9),
(105, 'molestiae-quis-v', 'Talia Fadel', '', 'Delectus ullam doloremque eligendi omnis cum eveniet.', 'Rem ratione optio enim hic assumenda in nihil. Omnis sit minus earum commodi delectus ullam. Tempore repellendus explicabo cum et vel non.', 'avatar.png', 2, 0, 1, 1, 1, 10000, 99, 66, 2),
(106, 'laboriosam-et-te', 'Harley Fadel', '', 'Commodi est libero iure.', 'Occaecati in quod temporibus aut et. Optio quibusdam aperiam atque enim itaque aut repellat. Placeat vel error aliquam corrupti deleniti omnis asperiores numquam. Molestiae eaque pariatur sit voluptas labore repudiandae.', 'avatar.png', 2, 0, 1, 1, 1, 10000, 100, 76, 1),
(107, 'nihil-unde-hic-a', 'Barbara Auer DDS', '', 'Non qui facere maxime voluptatem consequuntur fugit dolor.', 'Voluptatibus explicabo harum qui molestiae eaque possimus. Qui est omnis impedit sapiente consequatur nobis. Doloribus aspernatur accusantium nihil totam debitis animi. Aperiam dolor iste qui sunt est.', 'avatar.png', 2, 0, 1, 1, 1, 10000, 101, 26, 6);

-- --------------------------------------------------------

--
-- Table structure for table `c8_profile_job`
--

CREATE TABLE IF NOT EXISTS `c8_profile_job` (
  `id` int(11) NOT NULL AUTO_INCREMENT,
  `profile_id` int(11) NOT NULL DEFAULT '0',
  `org_id` int(11) NOT NULL DEFAULT '0',
  `job_title` varchar(255) NOT NULL DEFAULT '',
  `hr_id` int(11) NOT NULL DEFAULT '0',
  `rating` int(11) NOT NULL DEFAULT '0',
  `comment` text NOT NULL,
  `start_date` date DEFAULT NULL,
  `end_date` date DEFAULT NULL,
  PRIMARY KEY (`id`),
  KEY `c8_profile_job_ibfk_1` (`profile_id`),
  KEY `c8_profile_job_ibfk_2` (`org_id`),
  KEY `c8_profile_job_ibfk_3` (`hr_id`)
) ENGINE=InnoDB  DEFAULT CHARSET=latin1 AUTO_INCREMENT=305 ;

--
-- Dumping data for table `c8_profile_job`
--

INSERT INTO `c8_profile_job` (`id`, `profile_id`, `org_id`, `job_title`, `hr_id`, `rating`, `comment`, `start_date`, `end_date`) VALUES
(2, 7, 63, 'Et nam sint.', 35, 0, '', NULL, NULL),
(3, 7, 94, 'Vel cum inventore.', 54, 0, '', NULL, NULL),
(4, 7, 3, 'Aut dolor praesentium.', 108, 0, '', NULL, NULL),
(14, 11, 83, 'Accusamus dolores eligendi laboriosam.', 98, 0, '', NULL, NULL),
(15, 11, 55, 'Doloribus nam velit.', 24, 0, '', NULL, NULL),
(16, 11, 31, 'Molestiae non aspernatur voluptatibus.', 79, 0, '', NULL, NULL),
(17, 12, 24, 'Animi voluptates vel.', 39, 0, '', NULL, NULL),
(18, 12, 75, 'Soluta ex dolore laborum.', 76, 0, '', NULL, NULL),
(19, 12, 37, 'Quasi et ut.', 53, 0, '', NULL, NULL),
(20, 13, 21, 'Minus non non.', 5, 0, '', NULL, NULL),
(21, 13, 10, 'Quaerat fugiat velit officia.', 46, 0, '', NULL, NULL),
(22, 13, 22, 'Voluptas dolores voluptatem.', 51, 0, '', NULL, NULL),
(23, 14, 89, 'Laudantium officia numquam.', 32, 0, '', NULL, NULL),
(24, 14, 4, 'Earum quia voluptatem nam.', 48, 0, '', NULL, NULL),
(25, 14, 55, 'Maiores et velit.', 80, 0, '', NULL, NULL),
(26, 15, 59, 'Accusamus corrupti dolores.', 2, 0, '', NULL, NULL),
(27, 15, 48, 'Rerum beatae non repellendus consectetur.', 34, 0, '', NULL, NULL),
(28, 15, 40, 'Consequuntur ut sint rerum.', 27, 0, '', NULL, NULL),
(29, 16, 74, 'Voluptatem sed unde velit.', 44, 0, '', NULL, NULL),
(30, 16, 101, 'Et veniam suscipit natus.', 100, 0, '', NULL, NULL),
(31, 16, 30, 'Ducimus vitae ut fuga.', 3, 0, '', NULL, NULL),
(32, 17, 69, 'Possimus et sint magni.', 106, 0, '', NULL, NULL),
(33, 17, 28, 'Qui harum aut nobis.', 101, 0, '', NULL, NULL),
(34, 17, 47, 'Molestias voluptas omnis ab.', 91, 0, '', NULL, NULL),
(35, 18, 9, 'Aut modi delectus.', 68, 0, '', NULL, NULL),
(36, 18, 17, 'Dolor maiores.', 89, 0, '', NULL, NULL),
(37, 18, 61, 'Sed libero alias omnis.', 92, 0, '', NULL, NULL),
(38, 19, 61, 'Sequi aut eos minima.', 24, 0, '', NULL, NULL),
(39, 19, 21, 'Voluptate voluptas ut.', 33, 0, '', NULL, NULL),
(40, 19, 76, 'Maxime eius non.', 101, 0, '', NULL, NULL),
(41, 20, 31, 'Officia ea nobis.', 1, 0, '', NULL, NULL),
(42, 20, 62, 'Ea unde veritatis.', 82, 0, '', NULL, NULL),
(43, 20, 72, 'Assumenda corrupti suscipit.', 109, 0, '', NULL, NULL),
(44, 21, 17, 'Beatae sed quae reprehenderit.', 64, 0, '', NULL, NULL),
(45, 21, 95, 'Exercitationem laboriosam reprehenderit.', 15, 0, '', NULL, NULL),
(46, 21, 14, 'Est soluta qui voluptatibus aperiam.', 45, 0, '', NULL, NULL),
(47, 22, 31, 'Nesciunt libero exercitationem.', 32, 0, '', NULL, NULL),
(48, 22, 91, 'Magnam ut incidunt.', 90, 0, '', NULL, NULL),
(49, 22, 33, 'Eos sit dolorum asperiores.', 37, 0, '', NULL, NULL),
(50, 23, 82, 'Inventore impedit qui.', 47, 0, '', NULL, NULL),
(51, 23, 59, 'Pariatur nihil cupiditate explicabo.', 85, 0, '', NULL, NULL),
(52, 23, 41, 'Magnam quis nulla velit.', 111, 0, '', NULL, NULL),
(53, 24, 57, 'Veritatis consequatur vel voluptas.', 27, 0, '', NULL, NULL),
(54, 24, 6, 'Perferendis sequi delectus quam.', 57, 0, '', NULL, NULL),
(55, 24, 51, 'Ipsa illum officia doloremque.', 35, 0, '', NULL, NULL),
(56, 25, 5, 'Enim necessitatibus nulla.', 102, 0, '', NULL, NULL),
(57, 25, 89, 'Voluptatibus architecto quisquam.', 49, 0, '', NULL, NULL),
(58, 25, 52, 'Quis nam voluptatibus consectetur.', 4, 0, '', NULL, NULL),
(59, 26, 7, 'Aliquam voluptatem consectetur perspiciatis.', 2, 0, '', NULL, NULL),
(60, 26, 65, 'Cumque et dignissimos.', 33, 0, '', NULL, NULL),
(61, 26, 87, 'Eveniet aspernatur deleniti.', 84, 0, '', NULL, NULL),
(62, 27, 34, 'Consectetur qui et et.', 86, 0, '', NULL, NULL),
(63, 27, 43, 'Molestias est explicabo.', 65, 0, '', NULL, NULL),
(64, 27, 4, 'Cumque sit vero.', 45, 0, '', NULL, NULL),
(65, 28, 23, 'Tempora ratione laborum.', 44, 0, '', NULL, NULL),
(66, 28, 91, 'Sed consequatur ea adipisci.', 83, 0, '', NULL, NULL),
(67, 28, 63, 'Molestias in velit.', 44, 0, '', NULL, NULL),
(68, 29, 90, 'Ratione illum quo.', 98, 0, '', NULL, NULL),
(69, 29, 73, 'Atque fuga ea.', 108, 0, '', NULL, NULL),
(70, 29, 50, 'Aut et qui molestiae.', 54, 0, '', NULL, NULL),
(71, 30, 94, 'Magni quasi quia.', 48, 0, '', NULL, NULL),
(72, 30, 70, 'Non rerum omnis ducimus.', 81, 0, '', NULL, NULL),
(73, 30, 8, 'Occaecati quia aliquam.', 106, 0, '', NULL, NULL),
(74, 31, 93, 'Omnis non rerum.', 5, 0, '', NULL, NULL),
(75, 31, 3, 'Consequatur est repudiandae.', 21, 0, '', NULL, NULL),
(76, 31, 76, 'Et debitis sed minima.', 100, 0, '', NULL, NULL),
(77, 32, 54, 'Officia aut veniam occaecati.', 110, 0, '', NULL, NULL),
(78, 32, 91, 'Recusandae non est voluptas.', 68, 0, '', NULL, NULL),
(79, 32, 88, 'Dolore voluptatem nobis non.', 60, 0, '', NULL, NULL),
(80, 33, 34, 'Molestiae enim facilis consequatur.', 88, 0, '', NULL, NULL),
(81, 33, 90, 'Nesciunt qui magni.', 31, 0, '', NULL, NULL),
(82, 33, 13, 'Et quas ut quis.', 59, 0, '', NULL, NULL),
(83, 34, 60, 'Laudantium voluptatibus commodi qui.', 104, 0, '', NULL, NULL),
(84, 34, 82, 'Vitae amet perspiciatis.', 41, 0, '', NULL, NULL),
(85, 34, 9, 'Ut soluta impedit.', 73, 0, '', NULL, NULL),
(86, 35, 62, 'Aut explicabo quasi nihil.', 2, 0, '', NULL, NULL),
(87, 35, 28, 'Omnis ut in qui repellat.', 49, 0, '', NULL, NULL),
(88, 35, 97, 'Quaerat dolor ab.', 4, 0, '', NULL, NULL),
(89, 36, 3, 'Ad voluptatem et.', 14, 0, '', NULL, NULL),
(90, 36, 78, 'Sed aut dicta.', 60, 0, '', NULL, NULL),
(91, 36, 42, 'Ipsum eum aspernatur.', 61, 0, '', NULL, NULL),
(92, 37, 60, 'Voluptate quasi voluptatem omnis unde.', 97, 0, '', NULL, NULL),
(93, 37, 40, 'Veritatis doloribus voluptas voluptates.', 31, 0, '', NULL, NULL),
(94, 37, 28, 'Autem est.', 65, 0, '', NULL, NULL),
(95, 38, 94, 'Ut quasi architecto.', 87, 0, '', NULL, NULL),
(96, 38, 66, 'Similique aut cumque.', 94, 0, '', NULL, NULL),
(97, 38, 14, 'Impedit repudiandae dolor.', 12, 0, '', NULL, NULL),
(98, 39, 53, 'Nihil dolore minus expedita.', 102, 0, '', NULL, NULL),
(99, 39, 2, 'Qui explicabo.', 19, 0, '', NULL, NULL),
(100, 39, 9, 'Suscipit omnis accusamus esse.', 42, 0, '', NULL, NULL),
(101, 40, 13, 'Id velit eveniet nobis.', 26, 0, '', NULL, NULL),
(102, 40, 72, 'Ut ipsum possimus.', 62, 0, '', NULL, NULL),
(103, 40, 71, 'Ipsam ut totam voluptatem.', 5, 0, '', NULL, NULL),
(104, 41, 90, 'Autem quae error vitae.', 63, 0, '', NULL, NULL),
(105, 41, 48, 'Nostrum totam quisquam est.', 21, 0, '', NULL, NULL),
(106, 41, 83, 'Sit minus ut.', 103, 0, '', NULL, NULL),
(107, 42, 24, 'Voluptatem sed sed tempora.', 34, 0, '', NULL, NULL),
(108, 42, 99, 'Voluptatum recusandae error eos.', 51, 0, '', NULL, NULL),
(109, 42, 20, 'Saepe sed quos.', 17, 0, '', NULL, NULL),
(110, 43, 20, 'Itaque cum et est.', 26, 0, '', NULL, NULL),
(111, 43, 96, 'Itaque omnis beatae.', 105, 0, '', NULL, NULL),
(112, 43, 37, 'Illo voluptatem similique quasi.', 72, 0, '', NULL, NULL),
(113, 44, 6, 'Deleniti unde animi aperiam illo.', 84, 0, '', NULL, NULL),
(114, 44, 45, 'Voluptatem eos sed.', 5, 0, '', NULL, NULL),
(115, 44, 47, 'Dicta velit dolores optio incidunt.', 32, 0, '', NULL, NULL),
(116, 45, 37, 'Vero dolore sint.', 52, 0, '', NULL, NULL),
(117, 45, 44, 'Ad earum occaecati.', 75, 0, '', NULL, NULL),
(118, 45, 46, 'Dolor et quia qui.', 106, 0, '', NULL, NULL),
(119, 46, 51, 'Maxime animi impedit.', 8, 0, '', NULL, NULL),
(120, 46, 6, 'Corporis laborum error quibusdam.', 38, 0, '', NULL, NULL),
(121, 46, 28, 'Rem qui fuga.', 2, 0, '', NULL, NULL),
(122, 47, 61, 'Et ut qui molestiae.', 26, 0, '', NULL, NULL),
(123, 47, 25, 'Ut non pariatur.', 96, 0, '', NULL, NULL),
(124, 47, 77, 'Quo ut dolorem sequi.', 65, 0, '', NULL, NULL),
(125, 48, 14, 'Sint non qui dolore.', 97, 0, '', NULL, NULL),
(126, 48, 24, 'Sapiente est sed ipsum.', 75, 0, '', NULL, NULL),
(127, 48, 22, 'A velit deserunt rem.', 76, 0, '', NULL, NULL),
(128, 49, 98, 'Pariatur qui deleniti placeat.', 59, 0, '', NULL, NULL),
(129, 49, 61, 'Qui est voluptatem et.', 103, 0, '', NULL, NULL),
(130, 49, 18, 'Accusantium esse qui omnis.', 63, 0, '', NULL, NULL),
(131, 50, 25, 'Nihil quod non impedit.', 99, 0, '', NULL, NULL),
(132, 50, 82, 'Perferendis eaque placeat rem reprehenderit.', 41, 0, '', NULL, NULL),
(133, 50, 18, 'Eaque fugit nisi est excepturi.', 30, 0, '', NULL, NULL),
(134, 51, 23, 'Ut dolor id.', 24, 0, '', NULL, NULL),
(135, 51, 48, 'Non veritatis.', 82, 0, '', NULL, NULL),
(136, 51, 42, 'Ut perspiciatis placeat.', 68, 0, '', NULL, NULL),
(137, 52, 21, 'Repellendus et occaecati ex.', 37, 0, '', NULL, NULL),
(138, 52, 55, 'Nulla quasi porro eos.', 4, 0, '', NULL, NULL),
(139, 52, 57, 'Alias dignissimos odit.', 66, 0, '', NULL, NULL),
(140, 53, 21, 'Id non ratione.', 33, 0, '', NULL, NULL),
(141, 53, 79, 'Voluptatem laudantium voluptatem est sit.', 71, 0, '', NULL, NULL),
(142, 53, 61, 'Excepturi dolores dolores praesentium.', 48, 0, '', NULL, NULL),
(143, 54, 17, 'Minima dolor exercitationem.', 32, 0, '', NULL, NULL),
(144, 54, 47, 'Odit unde.', 85, 0, '', NULL, NULL),
(145, 54, 46, 'Sapiente maxime quae.', 65, 0, '', NULL, NULL),
(146, 55, 72, 'Reprehenderit voluptas dolore similique.', 65, 0, '', NULL, NULL),
(147, 55, 9, 'Amet iste voluptatem.', 41, 0, '', NULL, NULL),
(148, 55, 88, 'Saepe ut qui pariatur repudiandae.', 104, 0, '', NULL, NULL),
(149, 56, 61, 'Nemo asperiores nobis.', 58, 0, '', NULL, NULL),
(150, 56, 94, 'Cumque modi unde.', 71, 0, '', NULL, NULL),
(151, 56, 86, 'Et non amet tempora.', 85, 0, '', NULL, NULL),
(152, 57, 4, 'Et voluptates.', 100, 0, '', NULL, NULL),
(153, 57, 78, 'Eveniet labore.', 64, 0, '', NULL, NULL),
(154, 57, 16, 'Rerum tenetur quia totam.', 10, 0, '', NULL, NULL),
(155, 58, 66, 'Ut cumque et qui eligendi.', 17, 0, '', NULL, NULL),
(156, 58, 1, 'Aspernatur illum.', 72, 0, '', NULL, NULL),
(157, 58, 69, 'Ea veniam id.', 15, 0, '', NULL, NULL),
(158, 59, 26, 'Et eveniet facere.', 83, 0, '', NULL, NULL),
(159, 59, 69, 'Perspiciatis eos libero voluptatibus.', 111, 0, '', NULL, NULL),
(160, 59, 22, 'Sunt nesciunt ab et omnis.', 85, 0, '', NULL, NULL),
(161, 60, 29, 'Omnis et ex ut.', 96, 0, '', NULL, NULL),
(162, 60, 75, 'Ipsum dolor dolor quia.', 86, 0, '', NULL, NULL),
(163, 60, 64, 'Optio rem est quis.', 16, 0, '', NULL, NULL),
(164, 61, 17, 'Id veniam maxime ipsum.', 7, 0, '', NULL, NULL),
(165, 61, 7, 'Dolores veniam est.', 106, 0, '', NULL, NULL),
(166, 61, 67, 'Culpa atque optio.', 21, 0, '', NULL, NULL),
(167, 62, 86, 'Rerum fuga beatae suscipit.', 29, 0, '', NULL, NULL),
(168, 62, 65, 'Animi consequuntur dolor.', 3, 0, '', NULL, NULL),
(169, 62, 24, 'Explicabo quo officiis aut.', 67, 0, '', NULL, NULL),
(170, 63, 80, 'Vero et molestiae.', 105, 0, '', NULL, NULL),
(171, 63, 16, 'Sunt cumque doloribus quasi.', 64, 0, '', NULL, NULL),
(172, 63, 86, 'Amet aliquam esse.', 16, 0, '', NULL, NULL),
(173, 64, 25, 'Optio voluptas.', 68, 0, '', NULL, NULL),
(174, 64, 51, 'Debitis beatae blanditiis quis.', 92, 0, '', NULL, NULL),
(175, 64, 74, 'Inventore omnis.', 97, 0, '', NULL, NULL),
(176, 65, 79, 'Voluptates blanditiis.', 19, 0, '', NULL, NULL),
(177, 65, 89, 'Et laboriosam ut fuga.', 31, 0, '', NULL, NULL),
(178, 65, 98, 'Quia fuga alias.', 88, 0, '', NULL, NULL),
(179, 66, 72, 'Debitis aut ipsam.', 61, 0, '', NULL, NULL),
(180, 66, 21, 'Delectus ut vel maiores in.', 60, 0, '', NULL, NULL),
(181, 66, 30, 'Cumque enim quidem libero at.', 15, 0, '', NULL, NULL),
(182, 67, 97, 'Sint distinctio ducimus mollitia.', 41, 0, '', NULL, NULL),
(183, 67, 64, 'Consequatur sint laboriosam dolor.', 86, 0, '', NULL, NULL),
(184, 67, 6, 'Nesciunt qui hic numquam.', 93, 0, '', NULL, NULL),
(185, 68, 65, 'Aliquid et.', 17, 0, '', NULL, NULL),
(186, 68, 72, 'In vel.', 73, 0, '', NULL, NULL),
(187, 68, 73, 'Eum ad quas harum.', 15, 0, '', NULL, NULL),
(188, 69, 98, 'Quasi deserunt minima.', 80, 0, '', NULL, NULL),
(189, 69, 20, 'Aut animi aut error.', 15, 0, '', NULL, NULL),
(190, 69, 18, 'Dolorum beatae voluptatem nemo.', 41, 0, '', NULL, NULL),
(191, 70, 43, 'Accusantium reprehenderit.', 82, 0, '', NULL, NULL),
(192, 70, 7, 'Ullam sit quos esse.', 54, 0, '', NULL, NULL),
(193, 70, 2, 'Nam aliquam nobis.', 40, 0, '', NULL, NULL),
(194, 71, 1, 'Voluptate sint inventore.', 91, 0, '', NULL, NULL),
(195, 71, 72, 'Ut deleniti magni asperiores minima.', 92, 0, '', NULL, NULL),
(196, 71, 19, 'Molestiae et ea nulla.', 36, 0, '', NULL, NULL),
(197, 72, 84, 'Molestias quam id.', 36, 0, '', NULL, NULL),
(198, 72, 82, 'Error totam eius.', 19, 0, '', NULL, NULL),
(199, 72, 36, 'Odit eum corrupti commodi facere.', 16, 0, '', NULL, NULL),
(200, 73, 57, 'Eum quia id aut ut.', 67, 0, '', NULL, NULL),
(201, 73, 4, 'Facilis doloremque repudiandae.', 17, 0, '', NULL, NULL),
(202, 73, 43, 'Aliquid iure odio.', 54, 0, '', NULL, NULL),
(203, 74, 60, 'Qui velit eligendi ut sint.', 98, 0, '', NULL, NULL),
(204, 74, 9, 'Minima dolorem possimus.', 77, 0, '', NULL, NULL),
(205, 74, 7, 'Et aut quis.', 102, 0, '', NULL, NULL),
(206, 75, 74, 'Veniam tempore.', 40, 0, '', NULL, NULL),
(207, 75, 93, 'Aliquid esse animi.', 68, 0, '', NULL, NULL),
(208, 75, 64, 'Commodi dolorem in.', 55, 0, '', NULL, NULL),
(209, 76, 35, 'Beatae et optio perferendis.', 11, 0, '', NULL, NULL),
(210, 76, 61, 'Molestiae ea dicta maxime.', 100, 0, '', NULL, NULL),
(211, 76, 75, 'Rerum nulla quae corporis.', 61, 0, '', NULL, NULL),
(212, 77, 35, 'Libero rerum mollitia deleniti.', 29, 0, '', NULL, NULL),
(213, 77, 9, 'Labore voluptatum qui qui.', 17, 0, '', NULL, NULL),
(214, 77, 47, 'Dignissimos ipsa aliquam.', 78, 0, '', NULL, NULL),
(215, 78, 30, 'Velit aut voluptas odit.', 11, 0, '', NULL, NULL),
(216, 78, 58, 'Iure voluptatem.', 7, 0, '', NULL, NULL),
(217, 78, 5, 'Aut nihil.', 101, 0, '', NULL, NULL),
(218, 79, 79, 'Dolorem quidem vero.', 12, 0, '', NULL, NULL),
(219, 79, 66, 'Illo quod est.', 52, 0, '', NULL, NULL),
(220, 79, 88, 'Assumenda est assumenda.', 4, 0, '', NULL, NULL),
(221, 80, 14, 'Esse quia.', 89, 0, '', NULL, NULL),
(222, 80, 39, 'Dolorum repudiandae omnis.', 99, 0, '', NULL, NULL),
(223, 80, 64, 'Quis voluptatem voluptatum quia.', 78, 0, '', NULL, NULL),
(224, 81, 53, 'Et voluptatem quae sapiente.', 43, 0, '', NULL, NULL),
(225, 81, 82, 'Impedit aliquid non tempore.', 27, 0, '', NULL, NULL),
(226, 81, 52, 'Asperiores fuga aliquam labore.', 105, 0, '', NULL, NULL),
(227, 82, 78, 'Est accusantium quisquam distinctio.', 37, 0, '', NULL, NULL),
(228, 82, 29, 'Adipisci repellat ut voluptatibus est.', 77, 0, '', NULL, NULL),
(229, 82, 73, 'Doloremque quibusdam.', 20, 0, '', NULL, NULL),
(230, 83, 99, 'Voluptas maiores autem numquam.', 3, 0, '', NULL, NULL),
(231, 83, 66, 'Nihil quis accusantium.', 73, 0, '', NULL, NULL),
(232, 83, 12, 'Eum rerum iusto.', 102, 0, '', NULL, NULL),
(233, 84, 100, 'Velit nihil et aspernatur.', 87, 0, '', NULL, NULL),
(234, 84, 22, 'Et dolores voluptas et.', 71, 0, '', NULL, NULL),
(235, 84, 59, 'Consequatur impedit alias.', 37, 0, '', NULL, NULL),
(236, 85, 60, 'Recusandae eum harum.', 101, 0, '', NULL, NULL),
(237, 85, 94, 'Aut tenetur odit ducimus.', 6, 0, '', NULL, NULL),
(238, 85, 6, 'Esse sunt hic.', 19, 0, '', NULL, NULL),
(239, 86, 9, 'Est labore aspernatur.', 91, 0, '', NULL, NULL),
(240, 86, 6, 'Rerum omnis est eligendi cupiditate.', 83, 0, '', NULL, NULL),
(241, 86, 61, 'Iste impedit facere debitis.', 84, 0, '', NULL, NULL),
(242, 87, 26, 'Nobis eos tempora quos nobis.', 90, 0, '', NULL, NULL),
(243, 87, 64, 'Pariatur nemo exercitationem voluptas.', 47, 0, '', NULL, NULL),
(244, 87, 63, 'Alias sunt qui voluptatem.', 42, 0, '', NULL, NULL),
(245, 88, 13, 'Qui ab ea voluptatibus.', 99, 0, '', NULL, NULL),
(246, 88, 82, 'Harum debitis et iusto vitae.', 3, 0, '', NULL, NULL),
(247, 88, 25, 'Praesentium quos similique et.', 95, 0, '', NULL, NULL),
(248, 89, 2, 'Neque consequatur unde.', 46, 0, '', NULL, NULL),
(249, 89, 22, 'Et molestiae sint facere.', 62, 0, '', NULL, NULL),
(250, 89, 83, 'Facilis deleniti aut.', 62, 0, '', NULL, NULL),
(251, 90, 51, 'Ut omnis nobis.', 62, 0, '', NULL, NULL),
(252, 90, 96, 'Qui est illo.', 79, 0, '', NULL, NULL),
(253, 90, 31, 'Sit totam sit.', 49, 0, '', NULL, NULL),
(254, 91, 41, 'Officiis veniam numquam accusantium.', 52, 0, '', NULL, NULL),
(255, 91, 100, 'Eaque voluptatibus quis.', 106, 0, '', NULL, NULL),
(256, 91, 78, 'Inventore optio.', 55, 0, '', NULL, NULL),
(257, 92, 98, 'Fugiat cum dolores.', 83, 0, '', NULL, NULL),
(258, 92, 11, 'Nostrum consequatur delectus.', 93, 0, '', NULL, NULL),
(259, 92, 77, 'Nostrum non rerum aut.', 87, 0, '', NULL, NULL),
(260, 93, 15, 'Eos ipsum sint sint.', 95, 0, '', NULL, NULL),
(261, 93, 15, 'Modi aut esse commodi.', 84, 0, '', NULL, NULL),
(262, 93, 37, 'Excepturi quasi nisi.', 28, 0, '', NULL, NULL),
(263, 94, 61, 'Aut ut dicta.', 46, 0, '', NULL, NULL),
(264, 94, 62, 'Excepturi voluptatum ipsa.', 7, 0, '', NULL, NULL),
(265, 94, 77, 'Aut eligendi.', 7, 0, '', NULL, NULL),
(266, 95, 12, 'Omnis quia officia autem.', 11, 0, '', NULL, NULL),
(267, 95, 68, 'Magni optio quis.', 30, 0, '', NULL, NULL),
(268, 95, 66, 'Tenetur et qui.', 6, 0, '', NULL, NULL),
(269, 96, 11, 'Est quod earum iure.', 91, 0, '', NULL, NULL),
(270, 96, 53, 'Nulla quas vitae.', 24, 0, '', NULL, NULL),
(271, 96, 76, 'In aut qui dolorem illo.', 11, 0, '', NULL, NULL),
(272, 97, 40, 'Modi totam sit.', 67, 0, '', NULL, NULL),
(273, 97, 99, 'Sequi et illo dolor.', 61, 0, '', NULL, NULL),
(274, 97, 64, 'Totam blanditiis facilis quidem modi.', 95, 0, '', NULL, NULL),
(275, 98, 5, 'Nam tempora et repellat.', 78, 0, '', NULL, NULL),
(276, 98, 61, 'Quas iure architecto.', 98, 0, '', NULL, NULL),
(277, 98, 60, 'Beatae itaque quisquam nemo.', 38, 0, '', NULL, NULL),
(278, 99, 58, 'Reprehenderit molestias et.', 45, 0, '', NULL, NULL),
(279, 99, 77, 'Rem harum tempore qui.', 11, 0, '', NULL, NULL),
(280, 99, 15, 'Impedit qui est.', 55, 0, '', NULL, NULL),
(281, 100, 29, 'Velit distinctio eveniet repellat impedit.', 89, 0, '', NULL, NULL),
(282, 100, 75, 'Dolores qui rerum.', 52, 0, '', NULL, NULL),
(283, 100, 19, 'Debitis velit vel.', 104, 0, '', NULL, NULL),
(284, 101, 3, 'Quis quia harum suscipit quibusdam.', 98, 0, '', NULL, NULL),
(285, 101, 93, 'Natus labore laborum odio.', 14, 0, '', NULL, NULL),
(286, 101, 83, 'Qui consequuntur nihil dolorem itaque.', 15, 0, '', NULL, NULL),
(287, 102, 43, 'Voluptas accusamus aut labore.', 59, 0, '', NULL, NULL),
(288, 102, 70, 'Illo aliquid ipsa aperiam.', 104, 0, '', NULL, NULL),
(289, 102, 71, 'Quasi eum omnis et.', 31, 0, '', NULL, NULL),
(290, 103, 100, 'Recusandae officiis quam et.', 54, 0, '', NULL, NULL),
(291, 103, 70, 'Sunt et nisi quisquam.', 111, 0, '', NULL, NULL),
(292, 103, 6, 'Ipsam vel velit est.', 80, 0, '', NULL, NULL),
(293, 104, 98, 'Adipisci molestiae ab.', 23, 0, '', NULL, NULL),
(294, 104, 63, 'Quis numquam aperiam quia.', 30, 0, '', NULL, NULL),
(295, 104, 8, 'Illo quia eaque laudantium nostrum.', 86, 0, '', NULL, NULL),
(296, 105, 30, 'Et laboriosam nulla nobis eum.', 48, 0, '', NULL, NULL),
(297, 105, 29, 'Consequatur doloremque doloribus consequatur.', 110, 0, '', NULL, NULL),
(298, 105, 54, 'Voluptates doloremque non.', 82, 0, '', NULL, NULL),
(299, 106, 2, 'Quis assumenda repellat.', 66, 0, '', NULL, NULL),
(300, 106, 87, 'Ut aut nemo reiciendis sed.', 14, 0, '', NULL, NULL),
(301, 106, 8, 'Rerum consequatur temporibus fuga.', 52, 0, '', NULL, NULL),
(302, 107, 12, 'Eos molestiae voluptatem voluptas.', 96, 0, '', NULL, NULL),
(303, 107, 78, 'Itaque quae in.', 59, 0, '', NULL, NULL),
(304, 107, 62, 'Aut sint debitis.', 21, 0, '', NULL, NULL);

-- --------------------------------------------------------

--
-- Table structure for table `c8_profile_skill`
--

CREATE TABLE IF NOT EXISTS `c8_profile_skill` (
  `id` int(11) NOT NULL AUTO_INCREMENT,
  `profile_id` int(11) NOT NULL DEFAULT '0',
  `skill_id` int(11) NOT NULL DEFAULT '0',
  PRIMARY KEY (`id`),
  KEY `c8_profile_skill_ibfk_1` (`profile_id`),
  KEY `c8_profile_skill_ibfk_2` (`skill_id`)
) ENGINE=InnoDB  DEFAULT CHARSET=latin1 AUTO_INCREMENT=306 ;

--
-- Dumping data for table `c8_profile_skill`
--

INSERT INTO `c8_profile_skill` (`id`, `profile_id`, `skill_id`) VALUES
(3, 7, 101),
(4, 7, 60),
(5, 7, 80),
(15, 11, 50),
(16, 11, 1),
(17, 11, 7),
(18, 12, 97),
(19, 12, 43),
(20, 12, 10),
(21, 13, 22),
(22, 13, 42),
(23, 13, 17),
(24, 14, 81),
(25, 14, 8),
(26, 14, 102),
(27, 15, 11),
(28, 15, 94),
(29, 15, 63),
(30, 16, 33),
(31, 16, 32),
(32, 16, 27),
(33, 17, 10),
(34, 17, 76),
(35, 17, 101),
(36, 18, 20),
(37, 18, 97),
(38, 18, 55),
(39, 19, 21),
(40, 19, 47),
(41, 19, 77),
(42, 20, 40),
(43, 20, 71),
(44, 20, 97),
(45, 21, 69),
(46, 21, 27),
(47, 21, 73),
(48, 22, 21),
(49, 22, 33),
(50, 22, 38),
(51, 23, 3),
(52, 23, 42),
(53, 23, 96),
(54, 24, 6),
(55, 24, 85),
(56, 24, 53),
(57, 25, 12),
(58, 25, 11),
(59, 25, 93),
(60, 26, 7),
(61, 26, 79),
(62, 26, 35),
(63, 27, 26),
(64, 27, 14),
(65, 27, 76),
(66, 28, 12),
(67, 28, 56),
(68, 28, 47),
(69, 29, 72),
(70, 29, 86),
(71, 29, 78),
(72, 30, 51),
(73, 30, 13),
(74, 30, 49),
(75, 31, 87),
(76, 31, 5),
(77, 31, 37),
(78, 32, 1),
(79, 32, 65),
(80, 32, 13),
(81, 33, 93),
(82, 33, 75),
(83, 33, 28),
(84, 34, 92),
(85, 34, 17),
(86, 34, 19),
(87, 35, 49),
(88, 35, 61),
(89, 35, 82),
(90, 36, 51),
(91, 36, 12),
(92, 36, 29),
(93, 37, 59),
(94, 37, 56),
(95, 37, 53),
(96, 38, 98),
(97, 38, 53),
(98, 38, 82),
(99, 39, 6),
(100, 39, 93),
(101, 39, 52),
(102, 40, 15),
(103, 40, 16),
(104, 40, 15),
(105, 41, 28),
(106, 41, 30),
(107, 41, 89),
(108, 42, 84),
(109, 42, 79),
(110, 42, 67),
(111, 43, 66),
(112, 43, 102),
(113, 43, 51),
(114, 44, 88),
(115, 44, 54),
(116, 44, 43),
(117, 45, 3),
(118, 45, 15),
(119, 45, 8),
(120, 46, 12),
(121, 46, 61),
(122, 46, 69),
(123, 47, 31),
(124, 47, 78),
(125, 47, 92),
(126, 48, 18),
(127, 48, 45),
(128, 48, 94),
(129, 49, 89),
(130, 49, 37),
(131, 49, 16),
(132, 50, 22),
(133, 50, 67),
(134, 50, 97),
(135, 51, 31),
(136, 51, 50),
(137, 51, 44),
(138, 52, 5),
(139, 52, 75),
(140, 52, 76),
(141, 53, 101),
(142, 53, 100),
(143, 53, 9),
(144, 54, 94),
(145, 54, 16),
(146, 54, 102),
(147, 55, 22),
(148, 55, 36),
(149, 55, 55),
(150, 56, 32),
(151, 56, 40),
(152, 56, 66),
(153, 57, 59),
(154, 57, 27),
(155, 57, 87),
(156, 58, 72),
(157, 58, 58),
(158, 58, 19),
(159, 59, 12),
(160, 59, 57),
(161, 59, 96),
(162, 60, 8),
(163, 60, 60),
(164, 60, 57),
(165, 61, 97),
(166, 61, 4),
(167, 61, 83),
(168, 62, 51),
(169, 62, 52),
(170, 62, 31),
(171, 63, 96),
(172, 63, 33),
(173, 63, 34),
(174, 64, 21),
(175, 64, 62),
(176, 64, 27),
(177, 65, 91),
(178, 65, 27),
(179, 65, 91),
(180, 66, 100),
(181, 66, 41),
(182, 66, 5),
(183, 67, 30),
(184, 67, 28),
(185, 67, 18),
(186, 68, 81),
(187, 68, 11),
(188, 68, 26),
(189, 69, 66),
(190, 69, 92),
(191, 69, 45),
(192, 70, 49),
(193, 70, 87),
(194, 70, 96),
(195, 71, 85),
(196, 71, 58),
(197, 71, 101),
(198, 72, 16),
(199, 72, 76),
(200, 72, 19),
(201, 73, 76),
(202, 73, 31),
(203, 73, 49),
(204, 74, 93),
(205, 74, 86),
(206, 74, 63),
(207, 75, 64),
(208, 75, 87),
(209, 75, 31),
(210, 76, 10),
(211, 76, 48),
(212, 76, 50),
(213, 77, 12),
(214, 77, 5),
(215, 77, 100),
(216, 78, 22),
(217, 78, 70),
(218, 78, 74),
(219, 79, 33),
(220, 79, 14),
(221, 79, 15),
(222, 80, 32),
(223, 80, 57),
(224, 80, 83),
(225, 81, 14),
(226, 81, 22),
(227, 81, 53),
(228, 82, 74),
(229, 82, 62),
(230, 82, 75),
(231, 83, 102),
(232, 83, 100),
(233, 83, 22),
(234, 84, 69),
(235, 84, 59),
(236, 84, 53),
(237, 85, 37),
(238, 85, 34),
(239, 85, 59),
(240, 86, 50),
(241, 86, 73),
(242, 86, 73),
(243, 87, 59),
(244, 87, 73),
(245, 87, 45),
(246, 88, 15),
(247, 88, 36),
(248, 88, 18),
(249, 89, 6),
(250, 89, 51),
(251, 89, 30),
(252, 90, 78),
(253, 90, 21),
(254, 90, 35),
(255, 91, 96),
(256, 91, 89),
(257, 91, 98),
(258, 92, 21),
(259, 92, 75),
(260, 92, 91),
(261, 93, 38),
(262, 93, 64),
(263, 93, 14),
(264, 94, 85),
(265, 94, 40),
(266, 94, 11),
(267, 95, 90),
(268, 95, 55),
(269, 95, 100),
(270, 96, 38),
(271, 96, 94),
(272, 96, 58),
(273, 97, 37),
(274, 97, 1),
(275, 97, 71),
(276, 98, 48),
(277, 98, 84),
(278, 98, 25),
(279, 99, 67),
(280, 99, 62),
(281, 99, 20),
(282, 100, 46),
(283, 100, 1),
(284, 100, 48),
(285, 101, 42),
(286, 101, 33),
(287, 101, 63),
(288, 102, 24),
(289, 102, 44),
(290, 102, 14),
(291, 103, 56),
(292, 103, 69),
(293, 103, 22),
(294, 104, 89),
(295, 104, 9),
(296, 104, 100),
(297, 105, 102),
(298, 105, 62),
(299, 105, 23),
(300, 106, 79),
(301, 106, 7),
(302, 106, 20),
(303, 107, 64),
(304, 107, 30),
(305, 107, 24);

-- --------------------------------------------------------

--
-- Table structure for table `c8_profile_template`
--

CREATE TABLE IF NOT EXISTS `c8_profile_template` (
  `id` int(11) NOT NULL AUTO_INCREMENT,
  `template_name` varchar(255) NOT NULL DEFAULT 'default',
  PRIMARY KEY (`id`)
) ENGINE=InnoDB  DEFAULT CHARSET=latin1 AUTO_INCREMENT=3 ;

--
-- Dumping data for table `c8_profile_template`
--

INSERT INTO `c8_profile_template` (`id`, `template_name`) VALUES
(1, 'test1'),
(2, 'test2');

-- --------------------------------------------------------

--
-- Table structure for table `c8_provider`
--

CREATE TABLE IF NOT EXISTS `c8_provider` (
  `id` int(11) NOT NULL AUTO_INCREMENT,
  `org_id` int(11) NOT NULL DEFAULT '0',
  `membership_id` int(11) NOT NULL DEFAULT '0',
  `cert_website` varchar(255) NOT NULL DEFAULT '',
  `cert_email` varchar(255) NOT NULL DEFAULT '',
  `description` text NOT NULL,
  `is_registered` int(11) NOT NULL DEFAULT '0',
  `is_paid` int(11) NOT NULL DEFAULT '0',
  `first_joined` date NOT NULL,
  `last_seen` date NOT NULL,
  `last_valdiated` date NOT NULL,
  PRIMARY KEY (`id`),
  KEY `c8_provider_ibfk_1` (`org_id`),
  KEY `c8_provider_ibfk_2` (`membership_id`)
) ENGINE=InnoDB  DEFAULT CHARSET=latin1 AUTO_INCREMENT=102 ;

--
-- Dumping data for table `c8_provider`
--

INSERT INTO `c8_provider` (`id`, `org_id`, `membership_id`, `cert_website`, `cert_email`, `description`, `is_registered`, `is_paid`, `first_joined`, `last_seen`, `last_valdiated`) VALUES
(1, 1, 3, 'sdfsdfsdfsdf', 'sdfsdfsdfsd', 'fsdfsdfsdfsdf\r\nsdfsdfsdfsdfsdfsdf', 0, 0, '2014-09-15', '2014-09-15', '2014-09-15'),
(2, 23, 8, 'dibbert.com', 'wwatsica@yahoo.com', 'Et adipisci dolorem molestiae. Nam saepe quia vitae officiis enim et eum.', 0, 0, '0000-00-00', '0000-00-00', '0000-00-00'),
(3, 95, 2, 'zboncakweber.com', 'luettgen.ebba@hotmail.com', 'Adipisci ipsa placeat fugiat soluta quisquam voluptatem quos. Enim veritatis nihil sunt aliquid.', 0, 0, '0000-00-00', '0000-00-00', '0000-00-00'),
(4, 5, 7, 'reichert.biz', 'rbalistreri@hotmail.com', 'Dolor est deserunt ipsum itaque officia deleniti quia. Excepturi pariatur est esse velit sed.', 0, 0, '0000-00-00', '0000-00-00', '0000-00-00'),
(5, 11, 3, 'mooreskiles.com', 'susana14@gmail.com', 'Aut molestias dolore consequuntur magni sed neque earum. Libero voluptas quis aperiam magnam.', 0, 0, '0000-00-00', '0000-00-00', '0000-00-00'),
(6, 56, 4, 'wuckertrunte.com', 'letitia18@gmail.com', 'Eum quis expedita accusamus qui. Et sunt eos ea aut. Ut magni perspiciatis non sit vel et.', 0, 0, '0000-00-00', '0000-00-00', '0000-00-00'),
(7, 6, 7, 'feestwalker.net', 'dayna.lind@ullrichpouros.com', 'Molestiae quia tempora animi hic ad fugiat. Est veritatis ut aut et. Fuga illo et et beatae illo.', 0, 0, '0000-00-00', '0000-00-00', '0000-00-00'),
(8, 65, 8, 'gottliebcrona.info', 'wdouglas@blick.com', 'Aut nihil recusandae et facilis. Quod quaerat laborum ullam harum harum nam voluptas.', 0, 0, '0000-00-00', '0000-00-00', '0000-00-00'),
(9, 61, 4, 'rosenbaum.com', 'bechtelar.kaleigh@ullrich.biz', 'Ea cupiditate aut quos eos sit. Pariatur voluptas dignissimos sit. Molestiae quidem eius dolores.', 0, 0, '0000-00-00', '0000-00-00', '0000-00-00'),
(10, 33, 7, 'blick.info', 'connie47@hotmail.com', 'Voluptatem ut id incidunt. Fugit sunt alias vitae. Saepe et consequuntur ut.', 0, 0, '0000-00-00', '0000-00-00', '0000-00-00'),
(11, 16, 5, 'dietrich.info', 'enitzsche@ullrich.info', 'Cum repudiandae unde numquam atque nesciunt. Ut esse recusandae voluptas earum eum quis.', 0, 0, '0000-00-00', '0000-00-00', '0000-00-00'),
(12, 100, 7, 'kovacekmosciski.com', 'richie37@bashirian.net', 'Facilis similique quam consequatur eligendi maxime. Harum corporis rerum quod sed et.', 0, 0, '0000-00-00', '0000-00-00', '0000-00-00'),
(13, 5, 5, 'huels.com', 'kurt.shanahan@moorequitzon.net', 'Officia et illum at doloribus non. Voluptas numquam atque quaerat. Ex rerum sunt reprehenderit.', 0, 0, '0000-00-00', '0000-00-00', '0000-00-00'),
(14, 29, 1, 'erdmancorkery.net', 'eliezer27@heaney.com', 'Sit tenetur asperiores et impedit et natus officiis. Perspiciatis ipsam et cum at.', 0, 0, '0000-00-00', '0000-00-00', '0000-00-00'),
(15, 32, 3, 'jast.com', 'terry.eldridge@hotmail.com', 'Ut velit eveniet atque quis pariatur officia. Voluptas possimus similique dicta.', 0, 0, '0000-00-00', '0000-00-00', '0000-00-00'),
(16, 3, 3, 'keebleraltenwerth.com', 'o''connell.devin@hotmail.com', 'Magnam tempore cupiditate laborum consequuntur at. Maiores voluptas dolorem enim iure ipsam omnis.', 0, 0, '0000-00-00', '0000-00-00', '0000-00-00'),
(17, 9, 8, 'schustertreutel.info', 'batz.pierre@parker.com', 'In id enim molestiae ex quasi. Dolorem accusamus magni qui ut.', 0, 0, '0000-00-00', '0000-00-00', '0000-00-00'),
(18, 20, 7, 'shields.com', 'thegmann@gmail.com', 'Voluptates enim et omnis eaque sed enim. Tempore voluptas ipsam sunt.', 0, 0, '0000-00-00', '0000-00-00', '0000-00-00'),
(19, 38, 6, 'pfannerstill.com', 'lexi72@walkercrist.com', 'Ipsa voluptatem in voluptas. Iure velit iusto autem iste quis et. Quia accusamus facere quia.', 0, 0, '0000-00-00', '0000-00-00', '0000-00-00'),
(20, 55, 3, 'schamberger.net', 'hintz.elna@gmail.com', 'Itaque quo suscipit sit debitis. Officia vitae sed veritatis et nostrum atque sint.', 0, 0, '0000-00-00', '0000-00-00', '0000-00-00'),
(21, 51, 5, 'fritsch.com', 'gussie30@goyettesmitham.com', 'Maiores aut neque aut aut at odio. Et amet impedit consequatur nostrum. Eum porro sit omnis.', 0, 0, '0000-00-00', '0000-00-00', '0000-00-00'),
(22, 99, 3, 'shieldsmclaughlin.org', 'reva.roberts@klocko.com', 'Repudiandae nemo voluptatem odit et. Corporis nisi commodi dolores debitis ut.', 0, 0, '0000-00-00', '0000-00-00', '0000-00-00'),
(23, 11, 7, 'walkerheathcote.org', 'umurray@yahoo.com', 'Et enim omnis hic sit. Vel dolorum reiciendis numquam est.', 0, 0, '0000-00-00', '0000-00-00', '0000-00-00'),
(24, 46, 4, 'frami.org', 'purdy.sunny@rowe.biz', 'Nam nihil nulla nihil quia. Quod eius animi ea quaerat.', 0, 0, '0000-00-00', '0000-00-00', '0000-00-00'),
(25, 14, 9, 'fay.com', 'emmalee03@treutelbailey.com', 'Blanditiis quo et deserunt quis neque dignissimos. Quia repellendus aut aut ea.', 0, 0, '0000-00-00', '0000-00-00', '0000-00-00'),
(26, 33, 3, 'stroman.org', 'nikolaus.carolyne@hotmail.com', 'Unde omnis commodi ut. Ducimus eum a omnis explicabo nulla sunt.', 0, 0, '0000-00-00', '0000-00-00', '0000-00-00'),
(27, 29, 6, 'wolff.net', 'ruecker.green@hudsonmann.com', 'Quod et suscipit est culpa quam. Numquam ratione adipisci nihil vel aliquam non qui.', 0, 0, '0000-00-00', '0000-00-00', '0000-00-00'),
(28, 28, 9, 'greenfelder.com', 'stephania48@oberbrunner.com', 'Esse ut harum voluptatum voluptas harum. Ab expedita optio optio amet neque.', 0, 0, '0000-00-00', '0000-00-00', '0000-00-00'),
(29, 38, 8, 'schummbernhard.com', 'marquise.stracke@gmail.com', 'Nobis est ab minima veniam. Adipisci et culpa in sequi. Labore modi est quis aut neque amet.', 0, 0, '0000-00-00', '0000-00-00', '0000-00-00'),
(30, 1, 6, 'hagenesjacobson.biz', 'kristina33@herzogadams.com', 'Quia asperiores vitae ad et. Maiores est dolor qui vel. Et dolor eius error eius sit.', 0, 0, '0000-00-00', '0000-00-00', '0000-00-00'),
(31, 58, 1, 'swiftcasper.com', 'augusta.bartoletti@christiansenward.com', 'Ab aut suscipit delectus. Eum reprehenderit sed aut quo. Vel rerum magnam vel placeat.', 0, 0, '0000-00-00', '0000-00-00', '0000-00-00'),
(32, 12, 9, 'ankundingmraz.net', 'reid.pfannerstill@yahoo.com', 'Ratione et ab autem animi qui et nostrum. Aut omnis vel qui dolorum.', 0, 0, '0000-00-00', '0000-00-00', '0000-00-00'),
(33, 66, 7, 'nicolas.com', 'fermin72@hotmail.com', 'Voluptatem molestias in qui. Nemo atque ex est deleniti. Odio eius nulla et fugit.', 0, 0, '0000-00-00', '0000-00-00', '0000-00-00'),
(34, 13, 8, 'wilderman.com', 'bayer.otis@watsica.com', 'Sapiente neque officia molestiae error et non optio. Sit in iusto libero accusamus.', 0, 0, '0000-00-00', '0000-00-00', '0000-00-00'),
(35, 73, 5, 'gottlieb.com', 'layla.hamill@larkinjenkins.com', 'Sit nobis qui nemo nemo eligendi iure. Quia totam rem sunt rerum voluptatum.', 0, 0, '0000-00-00', '0000-00-00', '0000-00-00'),
(36, 61, 2, 'dare.com', 'olson.ibrahim@wunsch.com', 'Quia nostrum facere sequi iure et laudantium. Aut dolores aut fugit autem quia.', 0, 0, '0000-00-00', '0000-00-00', '0000-00-00'),
(37, 3, 9, 'lang.com', 'murray72@koch.org', 'Laborum tenetur aut ratione. Saepe est iure optio ea sed delectus.', 0, 0, '0000-00-00', '0000-00-00', '0000-00-00'),
(38, 26, 6, 'corkerypowlowski.org', 'ross.erdman@jenkinsemmerich.net', 'Enim sequi saepe fuga. Similique corporis a a libero omnis commodi dolorem.', 0, 0, '0000-00-00', '0000-00-00', '0000-00-00'),
(39, 50, 2, 'kossnitzsche.biz', 'ebony10@welchdoyle.biz', 'Adipisci facere ullam ipsa sint beatae et. Fugit quo sit quis modi. Et aut nam doloremque rerum.', 0, 0, '0000-00-00', '0000-00-00', '0000-00-00'),
(40, 94, 2, 'white.com', 'oparisian@hotmail.com', 'Laborum consequatur ut nam. Eum aut sed debitis non et. Est mollitia sint eveniet ut.', 0, 0, '0000-00-00', '0000-00-00', '0000-00-00'),
(41, 51, 2, 'kuvalis.info', 'ledner.stephanie@kozey.com', 'Occaecati officiis voluptatem ab est et. Nihil repudiandae suscipit ex neque.', 0, 0, '0000-00-00', '0000-00-00', '0000-00-00'),
(42, 55, 9, 'boyer.biz', 'pleannon@kassulke.com', 'Consequatur deserunt blanditiis sint. Et neque vel quisquam nostrum saepe asperiores blanditiis.', 0, 0, '0000-00-00', '0000-00-00', '0000-00-00'),
(43, 91, 7, 'herman.com', 'metz.providenci@breitenberg.com', 'Dolore delectus modi commodi vel officia nam. Qui cum ducimus debitis unde voluptatem assumenda.', 0, 0, '0000-00-00', '0000-00-00', '0000-00-00'),
(44, 64, 3, 'prohaska.com', 'deonte85@gmail.com', 'Et et est eius. Nulla error eaque est vitae quos. Neque eius illum quo qui eos qui dignissimos.', 0, 0, '0000-00-00', '0000-00-00', '0000-00-00'),
(45, 97, 4, 'howell.biz', 'ozemlak@stromanwisoky.com', 'Consectetur quos est velit. Consequatur adipisci nihil autem ducimus sint.', 0, 0, '0000-00-00', '0000-00-00', '0000-00-00'),
(46, 71, 8, 'lesch.com', 'juston.beier@simonis.com', 'Ratione qui fugit quod. Optio quidem autem aperiam repellat voluptates. Quis et vero ut aspernatur.', 0, 0, '0000-00-00', '0000-00-00', '0000-00-00'),
(47, 98, 1, 'casper.info', 'logan27@predovic.biz', 'Atque cum quia similique assumenda. Quibusdam et voluptatem et nemo sequi.', 0, 0, '0000-00-00', '0000-00-00', '0000-00-00'),
(48, 48, 8, 'hilpert.com', 'ewald18@lind.net', 'Alias et perferendis ad dolorem sint. Nesciunt voluptatem et omnis eos.', 0, 0, '0000-00-00', '0000-00-00', '0000-00-00'),
(49, 90, 9, 'champlin.com', 'una.conn@gmail.com', 'Adipisci pariatur et et sunt eos est. Veritatis expedita eos vitae voluptas est tempore unde.', 0, 0, '0000-00-00', '0000-00-00', '0000-00-00'),
(50, 51, 6, 'kris.com', 'lrosenbaum@gmail.com', 'Nam sed deleniti sed commodi est optio voluptatem. Cumque earum quis rem aut sed.', 0, 0, '0000-00-00', '0000-00-00', '0000-00-00'),
(51, 50, 5, 'kertzmann.biz', 'lisette.balistreri@gmail.com', 'Ab omnis culpa ut. Quia eum eaque ut recusandae.', 0, 0, '0000-00-00', '0000-00-00', '0000-00-00'),
(52, 23, 3, 'toy.com', 'al90@hagenes.com', 'Commodi quis in ipsum non voluptas recusandae cumque. Non est praesentium reiciendis.', 0, 0, '0000-00-00', '0000-00-00', '0000-00-00'),
(53, 17, 4, 'hartmann.net', 'rgreenholt@wisozk.com', 'Consequuntur in error debitis voluptatem harum accusantium ut. Et et consequatur ea id.', 0, 0, '0000-00-00', '0000-00-00', '0000-00-00'),
(54, 65, 1, 'gerhold.com', 'sreichel@ward.com', 'Ut quas qui dolorem natus quia id. Ipsum quidem atque laboriosam excepturi.', 0, 0, '0000-00-00', '0000-00-00', '0000-00-00'),
(55, 96, 5, 'collins.biz', 'danika96@boehm.com', 'Omnis inventore vero dolorum quo. Et ut cupiditate consequatur et vel quia.', 0, 0, '0000-00-00', '0000-00-00', '0000-00-00'),
(56, 17, 2, 'pfannerstill.biz', 'devon76@gmail.com', 'Et voluptas quasi aliquid rerum voluptas ad. Sit fuga ipsam quam et quibusdam fuga doloremque.', 0, 0, '0000-00-00', '0000-00-00', '0000-00-00'),
(57, 7, 2, 'howe.com', 'bud27@gmail.com', 'Eius ut officia et. Est libero autem nulla. Eum itaque eveniet reprehenderit incidunt.', 0, 0, '0000-00-00', '0000-00-00', '0000-00-00'),
(58, 28, 8, 'moen.com', 'hollis43@gmail.com', 'Vel est enim est. Sed earum vitae qui illum. Sit harum voluptatum quia quae maiores quam.', 0, 0, '0000-00-00', '0000-00-00', '0000-00-00'),
(59, 96, 3, 'stiedemann.info', 'seamus27@bayer.net', 'Expedita eius ipsam aut aperiam repudiandae velit. Saepe dolores laboriosam recusandae.', 0, 0, '0000-00-00', '0000-00-00', '0000-00-00'),
(60, 8, 2, 'pacocha.info', 'joseph.ziemann@murazikherzog.com', 'Quia et quasi error. Ex ea et molestiae quis. Qui modi ab eligendi consequatur sit.', 0, 0, '0000-00-00', '0000-00-00', '0000-00-00'),
(61, 17, 6, 'kshlerin.com', 'labadie.alexandre@yahoo.com', 'Atque at facilis deserunt ipsum a. Sed ut ut laborum adipisci qui.', 0, 0, '0000-00-00', '0000-00-00', '0000-00-00'),
(62, 42, 2, 'stoltenbergbaumbach.com', 'anderson.emiliano@fadel.biz', 'Porro est aut velit sequi autem. Ut est nihil animi natus. Qui esse placeat tempore tempore.', 0, 0, '0000-00-00', '0000-00-00', '0000-00-00'),
(63, 33, 2, 'jacobi.com', 'schuyler.aufderhar@faheywunsch.org', 'Quae in sunt molestiae placeat consectetur. Quia est culpa eos.', 0, 0, '0000-00-00', '0000-00-00', '0000-00-00'),
(64, 72, 5, 'crooksmorissette.com', 'imayer@ebertboyle.biz', 'In velit laudantium alias in aut est molestias. Ipsam odit id et dolorem error nihil autem.', 0, 0, '0000-00-00', '0000-00-00', '0000-00-00'),
(65, 85, 6, 'loweschultz.com', 'horacio79@hotmail.com', 'Qui debitis libero sunt velit. Maxime repellendus officia perferendis modi.', 0, 0, '0000-00-00', '0000-00-00', '0000-00-00'),
(66, 80, 1, 'nikolaus.org', 'jlakin@shields.net', 'Porro et unde perspiciatis laborum dolorem. Cum quo alias dolorum ad optio.', 0, 0, '0000-00-00', '0000-00-00', '0000-00-00'),
(67, 55, 8, 'trantowjohns.com', 'fconsidine@mann.com', 'Ea labore nam sint eius. Aut aliquid aut quia dolorum.', 0, 0, '0000-00-00', '0000-00-00', '0000-00-00'),
(68, 8, 6, 'nicolasauer.com', 'oran.rodriguez@bayer.com', 'Deserunt laboriosam fuga ut maxime. Alias est architecto sunt enim non magnam.', 0, 0, '0000-00-00', '0000-00-00', '0000-00-00'),
(69, 72, 4, 'goodwinkreiger.com', 'kirlin.katrine@gmail.com', 'Numquam praesentium cumque quis autem. Et et possimus nam nihil. Maiores et explicabo velit.', 0, 0, '0000-00-00', '0000-00-00', '0000-00-00'),
(70, 66, 1, 'tillman.biz', 'stevie.abshire@beatty.com', 'Esse saepe sunt consequuntur recusandae doloremque sunt dolorem. Et rerum quo et dolores.', 0, 0, '0000-00-00', '0000-00-00', '0000-00-00'),
(71, 7, 7, 'treutel.com', 'stiedemann.rosina@kuvalis.biz', 'Nisi temporibus non ea illum voluptatem. In voluptas quo quis aspernatur et.', 0, 0, '0000-00-00', '0000-00-00', '0000-00-00'),
(72, 5, 2, 'gulgowskimcclure.info', 'jarred.walker@schoen.info', 'Aut ratione rem reiciendis asperiores. Eos molestiae molestiae consequuntur modi.', 0, 0, '0000-00-00', '0000-00-00', '0000-00-00'),
(73, 58, 7, 'ohara.com', 'tondricka@hotmail.com', 'Ut odio quibusdam earum sint. Esse cumque velit tenetur rerum. Est sunt quo error eum.', 0, 0, '0000-00-00', '0000-00-00', '0000-00-00'),
(74, 89, 6, 'mayertveum.com', 'haylee91@yahoo.com', 'Perferendis quae placeat quos qui velit alias corrupti. Ut distinctio non sunt maxime quis ea.', 0, 0, '0000-00-00', '0000-00-00', '0000-00-00'),
(75, 11, 9, 'farrell.info', 'gkris@russel.com', 'Mollitia aut voluptatem ex ut. Aperiam distinctio animi non aliquid aliquid.', 0, 0, '0000-00-00', '0000-00-00', '0000-00-00'),
(76, 93, 7, 'jaskolskihansen.com', 'iokuneva@hotmail.com', 'Molestias facilis ut velit et dolor. Quo dolorem non nisi doloribus ut.', 0, 0, '0000-00-00', '0000-00-00', '0000-00-00'),
(77, 63, 9, 'rodriguezeichmann.biz', 'travon37@yahoo.com', 'Temporibus aliquam corporis vel. Nihil modi incidunt rerum explicabo.', 0, 0, '0000-00-00', '0000-00-00', '0000-00-00'),
(78, 18, 7, 'kulas.net', 'windler.hayley@stracke.com', 'Expedita et nulla esse quo beatae. Nemo tempora quisquam voluptatem voluptate id inventore ut.', 0, 0, '0000-00-00', '0000-00-00', '0000-00-00'),
(79, 59, 5, 'tillman.info', 'owitting@halvorsonrunte.com', 'Reiciendis sit nihil quibusdam soluta. Sit aperiam ipsa eos. Aut aut mollitia eligendi non.', 0, 0, '0000-00-00', '0000-00-00', '0000-00-00'),
(80, 30, 9, 'doyle.net', 'carroll.rozella@adams.com', 'Architecto quasi maxime non ea quo quos. Nisi consequatur consequuntur fuga facere sed sit.', 0, 0, '0000-00-00', '0000-00-00', '0000-00-00'),
(81, 8, 4, 'schamberger.com', 'jmertz@gutkowski.biz', 'Sint aut dolorem nisi porro laborum quia. Ipsa vero qui earum quisquam.', 0, 0, '0000-00-00', '0000-00-00', '0000-00-00'),
(82, 50, 7, 'skilesyost.com', 'myron.hansen@gmail.com', 'Optio enim id ratione. Dolorem sit occaecati totam qui esse ipsum odit.', 0, 0, '0000-00-00', '0000-00-00', '0000-00-00'),
(83, 44, 6, 'oconner.net', 'coby49@hotmail.com', 'Eos dolor similique aut ad. Exercitationem consequatur explicabo fuga voluptas enim non excepturi.', 0, 0, '0000-00-00', '0000-00-00', '0000-00-00'),
(84, 67, 9, 'mcglynn.org', 'wwalsh@braunhermiston.com', 'Quis qui deserunt laborum aut. Eum tempore delectus et eaque. Ut nulla ipsa a rem sit.', 0, 0, '0000-00-00', '0000-00-00', '0000-00-00'),
(85, 78, 6, 'christiansengutmann.com', 'cgoldner@gmail.com', 'Accusamus fuga et veniam totam. Cum deleniti libero quidem vero nesciunt corporis quia et.', 0, 0, '0000-00-00', '0000-00-00', '0000-00-00'),
(86, 18, 5, 'dubuque.biz', 'kiana73@yahoo.com', 'Illo unde fuga non dolores nam et quaerat non. Dolorum necessitatibus officiis dolor cumque vel.', 0, 0, '0000-00-00', '0000-00-00', '0000-00-00'),
(87, 70, 2, 'vandervort.info', 'fwalter@walsh.com', 'Consectetur corrupti rerum id. Autem vel minima sint voluptatem saepe aut deleniti.', 0, 0, '0000-00-00', '0000-00-00', '0000-00-00'),
(88, 51, 7, 'breitenbergkihn.com', 'lhilll@hotmail.com', 'Accusamus molestiae aut sint quaerat. Ut mollitia sed sit nulla placeat est.', 0, 0, '0000-00-00', '0000-00-00', '0000-00-00'),
(89, 99, 7, 'nadermoore.info', 'xkessler@yahoo.com', 'Et necessitatibus assumenda et. Odio molestias iure architecto enim.', 0, 0, '0000-00-00', '0000-00-00', '0000-00-00'),
(90, 2, 7, 'bruen.com', 'matilda.rosenbaum@gmail.com', 'Cupiditate et sequi et facere voluptatum omnis. Temporibus pariatur voluptatem alias nesciunt.', 0, 0, '0000-00-00', '0000-00-00', '0000-00-00'),
(91, 84, 2, 'ebert.com', 'hellen27@rolfson.info', 'Soluta ratione consequuntur cupiditate. Eum autem odit laudantium ex.', 0, 0, '0000-00-00', '0000-00-00', '0000-00-00'),
(92, 96, 4, 'cummerata.com', 'fritsch.davin@roberts.biz', 'Officiis non enim qui neque. Ut quasi omnis voluptatem laborum. Officia rem id sequi maxime.', 0, 0, '0000-00-00', '0000-00-00', '0000-00-00'),
(93, 6, 6, 'kuvalis.biz', 'bert.klocko@gmail.com', 'Dolorem unde iste incidunt saepe labore. Non ducimus inventore sit nesciunt impedit.', 0, 0, '0000-00-00', '0000-00-00', '0000-00-00'),
(94, 24, 4, 'hilpert.com', 'krystal.smith@gerlach.com', 'Autem modi dolorem a nulla. Numquam voluptatibus dolore adipisci.', 0, 0, '0000-00-00', '0000-00-00', '0000-00-00'),
(95, 69, 5, 'johnstonziemann.com', 'fahey.soledad@wolff.com', 'Similique autem debitis consequatur dolores. Eaque fugiat voluptas natus rerum rerum ea.', 0, 0, '0000-00-00', '0000-00-00', '0000-00-00'),
(96, 93, 5, 'kulas.biz', 'abelardo.lueilwitz@hotmail.com', 'Fuga voluptas delectus qui voluptas. Tempora quas vel et. Dolor autem ut et quae atque.', 0, 0, '0000-00-00', '0000-00-00', '0000-00-00'),
(97, 26, 9, 'davis.com', 'bo46@hotmail.com', 'Sed quasi modi consequuntur et. Quia minima quod voluptas molestiae aliquam perspiciatis.', 0, 0, '0000-00-00', '0000-00-00', '0000-00-00'),
(98, 12, 7, 'streichledner.com', 'hammes.amos@gmail.com', 'Architecto dolores distinctio molestiae iusto blanditiis. Vel quisquam nobis repellat excepturi.', 0, 0, '0000-00-00', '0000-00-00', '0000-00-00'),
(99, 3, 2, 'kochstark.com', 'hroberts@hotmail.com', 'Quasi quis in quidem et quia sit in consectetur. Eos deserunt saepe quo aperiam qui debitis.', 0, 0, '0000-00-00', '0000-00-00', '0000-00-00'),
(100, 4, 2, 'millerfeest.biz', 'zoie.rath@yahoo.com', 'Non natus quo unde aperiam eum quam rerum maiores. Enim enim ad delectus. Dolores ut et ipsam qui.', 0, 0, '0000-00-00', '0000-00-00', '0000-00-00'),
(101, 33, 3, 'emmerichkunze.com', 'otis10@gmail.com', 'Voluptas inventore et nihil velit voluptas et consequatur. Sit consequatur sed nesciunt esse.', 0, 0, '0000-00-00', '0000-00-00', '0000-00-00');

-- --------------------------------------------------------

--
-- Table structure for table `c8_provider_trainer`
--

CREATE TABLE IF NOT EXISTS `c8_provider_trainer` (
  `id` int(11) NOT NULL AUTO_INCREMENT,
  `trainer_id` int(11) NOT NULL DEFAULT '0',
  `provider_id` int(11) NOT NULL DEFAULT '0',
  `valid_until` date DEFAULT NULL,
  PRIMARY KEY (`id`),
  KEY `c8_provider_trainer_ibfk_2` (`trainer_id`),
  KEY `c8_provider_trainer_ibfk_1` (`provider_id`)
) ENGINE=InnoDB  DEFAULT CHARSET=latin1 AUTO_INCREMENT=2 ;

--
-- Dumping data for table `c8_provider_trainer`
--

INSERT INTO `c8_provider_trainer` (`id`, `trainer_id`, `provider_id`, `valid_until`) VALUES
(1, 10, 15, '2014-09-18');

-- --------------------------------------------------------

--
-- Table structure for table `c8_role`
--

CREATE TABLE IF NOT EXISTS `c8_role` (
  `id` int(11) NOT NULL AUTO_INCREMENT,
  `name` varchar(255) NOT NULL DEFAULT '',
  PRIMARY KEY (`id`)
) ENGINE=InnoDB  DEFAULT CHARSET=latin1 AUTO_INCREMENT=2 ;

--
-- Dumping data for table `c8_role`
--

INSERT INTO `c8_role` (`id`, `name`) VALUES
(1, 'Members');

-- --------------------------------------------------------

--
-- Table structure for table `c8_skill`
--

CREATE TABLE IF NOT EXISTS `c8_skill` (
  `id` int(11) NOT NULL AUTO_INCREMENT,
  `title` varchar(255) NOT NULL DEFAULT '',
  `details` text NOT NULL,
  `keywords` text NOT NULL,
  `logo` varchar(255) NOT NULL DEFAULT 'none.png',
  `webpage` varchar(255) NOT NULL DEFAULT '',
  `certified_by` varchar(255) NOT NULL DEFAULT '',
  `provider_id` int(11) NOT NULL DEFAULT '0',
  `skill_discipline_id` int(11) NOT NULL DEFAULT '0',
  `level` int(11) NOT NULL DEFAULT '1',
  `start_date` date DEFAULT NULL,
  `end_date` date DEFAULT NULL,
  `status` int(11) NOT NULL DEFAULT '0',
  PRIMARY KEY (`id`),
  KEY `c8_skill_ibfk_1` (`provider_id`),
  KEY `c8_skill_ibfk_2` (`skill_discipline_id`)
) ENGINE=InnoDB  DEFAULT CHARSET=latin1 AUTO_INCREMENT=103 ;

--
-- Dumping data for table `c8_skill`
--

INSERT INTO `c8_skill` (`id`, `title`, `details`, `keywords`, `logo`, `webpage`, `certified_by`, `provider_id`, `skill_discipline_id`, `level`, `start_date`, `end_date`, `status`) VALUES
(1, 'dfsdf', 'sdfsdfsdf', 'sdfsdfsdfsdf', 'Jellyfish.jpg', 'sdfsdfsdfsdf', 'sdfsdfsdfsdfsdf', 1, 1, 1, '2014-09-16', '2014-09-18', 0),
(3, 'Dolorem odio est delectus.', 'Perspiciatis quod quia sed dolores iure. Consequatur consequatur eveniet sit eveniet at. Voluptatem molestias dolore velit et maiores aut. Aut itaque id qui consequatur commodi. Temporibus dolorum quia vel aliquid nobis.', 'Ut iste minus qui corrupti. Quia consectetur id eius sit.', 'none.png', 'millsgaylord.com', '', 84, 1, 1, NULL, NULL, 0),
(4, 'Maiores beatae dolorum tempore culpa.', 'Numquam alias nihil consequuntur iusto dicta consequatur sit. Qui explicabo laborum possimus officia ad exercitationem. At id corporis facere asperiores. Et molestiae qui qui.', 'Voluptatibus ex in distinctio. Est fuga dolorem ut facilis perspiciatis et.', 'none.png', 'hegmann.com', '', 43, 1, 1, NULL, NULL, 0),
(5, 'Explicabo reiciendis consequatur perferendis eius tempora porro.', 'Saepe similique laborum molestias sed. Ex ducimus nobis et non aut autem tempora. Distinctio maxime dolorem fugiat harum molestiae voluptates.', 'Atque dolore aut eaque. Qui quia aut ut facilis qui est. Et voluptatem nisi suscipit maiores eum.', 'none.png', 'blickdoyle.info', '', 25, 1, 1, NULL, NULL, 0),
(6, 'Quis nihil exercitationem quidem excepturi quidem quo.', 'Qui inventore ex ullam quam similique dolore in. Tempore sit omnis cum soluta distinctio eum. Officia nihil est enim autem.\nInventore dolorum provident voluptatum ut aspernatur ut blanditiis. Non facere enim eius enim iusto. Impedit et repellendus sed eaque.', 'Reiciendis sapiente impedit quae esse voluptatem ad veritatis. Fugit ab eos odit in.', 'none.png', 'welchweissnat.net', '', 54, 1, 1, NULL, NULL, 0),
(7, 'Aut reiciendis dolor rerum dicta.', 'Distinctio sapiente beatae deleniti molestiae. Et iure ut soluta explicabo. Eligendi debitis aliquid molestias quis dignissimos quia in.', 'Modi nihil laboriosam nesciunt optio quam. Est aut modi incidunt optio saepe nemo eos.', 'none.png', 'hudsonbogisich.com', '', 90, 1, 1, NULL, NULL, 0),
(8, 'Eveniet et ipsa distinctio modi fugiat eum.', 'Iure nobis quae minus repudiandae. Repellat dolore officiis eaque eos suscipit adipisci. Nam maxime est et est. Omnis saepe sunt qui nam eius mollitia.\nIpsam quae ut iure assumenda eveniet. Voluptatum numquam et quo aut ut vitae. Explicabo ut molestiae ut at.', 'Ex cupiditate sapiente ad qui. Rerum dolore sint aliquid voluptas quia.', 'none.png', 'zemlakziemann.info', '', 53, 1, 1, NULL, NULL, 0),
(9, 'Facere est sunt qui eos culpa necessitatibus consequatur illum.', 'Et qui est voluptatibus doloribus. Dolor sit voluptatum quaerat deleniti minima est. Dolore et cum nemo veritatis itaque.', 'Reprehenderit quos molestiae veniam qui. Quis doloremque commodi qui suscipit aliquid aliquid.', 'none.png', 'jacobsonzieme.com', '', 79, 1, 1, NULL, NULL, 0),
(10, 'Et qui ipsum ipsum reprehenderit.', 'Iste in ex amet enim repudiandae. Alias nihil est et repudiandae error quae sit. Consectetur ex et eveniet voluptate dolores optio in. Molestias hic repellat praesentium architecto illo perferendis. Neque laudantium et quae ut porro amet facere temporibus.', 'Ut dolore et qui alias et. Harum ipsum totam id nobis labore.', 'none.png', 'hahn.biz', '', 15, 1, 1, NULL, NULL, 0),
(11, 'Qui itaque ullam quod ex cupiditate.', 'Animi et consequatur earum est quibusdam. Quam sequi voluptatem quis est ut praesentium. Non distinctio doloremque voluptas in quam quod.', 'Rerum commodi molestias et. Soluta excepturi qui dolorem ad.', 'none.png', 'beatty.net', '', 72, 1, 1, NULL, NULL, 0),
(12, 'Cum aspernatur non et quis vel possimus.', 'Facilis sunt et in in iste. Et et ut tenetur numquam. Doloribus expedita et sed voluptatibus cumque vel.\nSunt praesentium iusto deleniti hic et aut. Exercitationem assumenda quibusdam corporis ea. Laboriosam ut omnis unde ut dicta at sit. Non temporibus voluptas est. Ipsam at iste quia rerum qui.', 'Rerum in cum id voluptatem alias ut eum. Neque et totam aut libero soluta reprehenderit.', 'none.png', 'leuschkepagac.com', '', 36, 1, 1, NULL, NULL, 0),
(13, 'Nostrum qui aliquid cum quia.', 'Nesciunt doloribus quia quo excepturi asperiores error omnis. Quae beatae dolor deserunt rerum. Est et laboriosam incidunt officia natus unde ex eos. Minima magnam quo vitae earum ut reiciendis.', 'Debitis et rerum eum nihil ut nemo. Vel accusantium eum sit dolorem. Non sunt et sunt nemo.', 'none.png', 'franeckihackett.com', '', 85, 1, 1, NULL, NULL, 0),
(14, 'Vel dolorem sit suscipit quae qui culpa neque.', 'Commodi omnis nostrum autem magnam sequi. Qui sint molestias et a quisquam. Aut dolores est accusantium qui suscipit eos tenetur. Ea in quod rerum ut ad.\nEt a libero beatae rerum laudantium et earum. Eos magnam aut ut inventore.', 'Vitae in et nulla est. Odio alias odit quo sint velit odio.', 'none.png', 'connelly.com', '', 25, 1, 1, NULL, NULL, 0),
(15, 'Dolore earum minus aut.', 'Odit delectus voluptas aut eum neque velit. Accusantium quia tempore odit nostrum quos quisquam. Molestiae sapiente ab asperiores quia dicta quae qui.\nEt laboriosam accusamus possimus facere repudiandae voluptatum. Dicta sint consequatur dolor dignissimos.', 'Autem aliquid quam magnam ab at nemo. Amet est et et omnis. Voluptatem iusto tempora minus.', 'none.png', 'windlergulgowski.com', '', 54, 1, 1, NULL, NULL, 0),
(16, 'Vero alias consectetur dolor culpa sequi eius quia.', 'Rerum dolore et distinctio aut doloribus accusantium omnis inventore. Voluptatum sint molestias ducimus laudantium facere. Reiciendis vero sed doloribus. Incidunt quibusdam minima fugit porro molestiae aut.', 'Asperiores molestias quos ea in. Blanditiis nihil veritatis eos autem aut sapiente.', 'none.png', 'jacobigrady.org', '', 64, 1, 1, NULL, NULL, 0),
(17, 'Quas illo earum architecto itaque.', 'Atque vitae maxime porro eligendi. Aut aspernatur ullam commodi eum ipsa. Mollitia voluptatem exercitationem ea et eligendi.\nSapiente ea soluta non aut. Fuga deleniti consequuntur itaque perspiciatis voluptatum aliquam expedita. Qui totam amet omnis laboriosam.', 'Commodi et modi eos fugiat et qui voluptas qui. Magni quo aut laboriosam. Et quasi aut perferendis.', 'none.png', 'gaylord.com', '', 36, 1, 1, NULL, NULL, 0),
(18, 'Sunt amet possimus illum velit rerum.', 'Assumenda assumenda ducimus quo voluptas. Aliquam voluptatem quia odit iste aut delectus quas aliquid. Libero sequi omnis ipsum aliquam atque. Vel possimus quo quia perferendis atque nihil.', 'Odit mollitia necessitatibus et odio dolorum. Sunt aut minima magni cum autem qui.', 'none.png', 'waelchi.com', '', 59, 1, 1, NULL, NULL, 0),
(19, 'Dolor earum nihil commodi quod vel beatae atque.', 'Perspiciatis eaque explicabo necessitatibus quisquam. Deleniti at totam et ullam. Cumque blanditiis facilis tempora. Reprehenderit voluptas voluptatum omnis esse nostrum.\nEa et vero nobis non. Nobis minus ea accusamus voluptatum. Et est velit non iste repellendus.', 'Qui vero ut voluptatem accusamus eveniet. Atque eos facilis adipisci iste.', 'none.png', 'price.org', '', 101, 1, 1, NULL, NULL, 0),
(20, 'Ducimus fuga veritatis voluptas qui sunt sequi.', 'Sunt maiores molestias deleniti et voluptate ut vitae. Earum est praesentium quod quidem in soluta quibusdam. Inventore doloribus accusantium est id pariatur asperiores id.', 'Temporibus laudantium voluptas id consectetur aut sed. Eos rerum beatae ipsum.', 'none.png', 'mitchellwindler.com', '', 91, 1, 1, NULL, NULL, 0),
(21, 'Ut et iste perferendis ut et iusto.', 'Quos exercitationem saepe voluptate laboriosam debitis. At voluptatem nihil facere magnam. Accusantium omnis reiciendis hic quos nisi.\nAccusamus ab veniam iure et. Voluptatem delectus minima quae officia non ad. Officiis dicta ducimus quibusdam suscipit quia.', 'Nulla dolorum doloremque voluptatem. Quia consequatur quae necessitatibus ut reiciendis nobis.', 'none.png', 'gutkowskihudson.com', '', 83, 1, 1, NULL, NULL, 0),
(22, 'Accusantium dolorem amet possimus et eum perferendis sit dolor.', 'Assumenda voluptates quod et iusto dolorum vel excepturi. Accusamus voluptates est incidunt enim quod.\nOmnis eveniet iusto tempora vel non soluta porro. Sit iure corporis excepturi. Provident doloremque et quia.', 'Et similique in dolorem maiores sequi. Vitae atque dolores iusto explicabo eum sequi.', 'none.png', 'wunschwatsica.com', '', 80, 1, 1, NULL, NULL, 0),
(23, 'Sint fuga inventore dolorem vel eum.', 'Rerum incidunt ipsa omnis sint. Nesciunt voluptatem consequatur perspiciatis. Nesciunt odit accusantium rerum et. Saepe nesciunt voluptatem non. Soluta dignissimos et repellat unde non doloremque.', 'Quod consectetur dolorem earum aut aliquid porro. Doloremque sed suscipit corporis rerum qui velit.', 'none.png', 'crooks.com', '', 37, 1, 1, NULL, NULL, 0),
(24, 'Placeat est qui et perspiciatis voluptatem.', 'Commodi sed non placeat esse sit. Iste molestias nobis vitae in assumenda. Voluptate accusamus non aperiam error dicta ea qui.\nAutem qui beatae nam nobis rerum. Dolores quam vitae consectetur ducimus. Et ad consequatur facilis aut illum.', 'Similique omnis impedit aut ex laboriosam natus. Inventore sit repudiandae eos ut dolor quam.', 'none.png', 'ward.org', '', 70, 1, 1, NULL, NULL, 0),
(25, 'Qui porro asperiores vitae dolor dolorem.', 'Velit omnis amet voluptates. Iusto tempore et inventore molestiae alias.', 'Sed commodi veritatis ducimus. Ducimus at velit nam labore. Sint cum in velit.', 'none.png', 'kris.info', '', 91, 1, 1, NULL, NULL, 0),
(26, 'Eaque ab tempora vero qui sequi.', 'Qui maxime dolorem iure est. Consequatur architecto in adipisci blanditiis assumenda animi. Nostrum ullam accusamus dolorem ratione ea repellat. Facilis asperiores quibusdam incidunt incidunt et.', 'Et eos quam voluptas ex non sunt. Odit autem vitae in dolorem. Quasi enim sint ut ad quo.', 'none.png', 'purdy.com', '', 59, 1, 1, NULL, NULL, 0),
(27, 'Doloremque est placeat fuga ipsa inventore in.', 'Sint impedit veritatis minima officiis in facilis cumque. Ut sed eos ipsa aut cupiditate dolores.\nVoluptatem dolor aut vitae nihil quibusdam facilis distinctio. Enim facere aspernatur molestiae sed sunt optio aut. Excepturi odio provident autem architecto. Vel cumque iusto facere tempora.', 'Consequatur consequatur quia eaque qui. A et provident unde sit. Quis cumque ab debitis id vel.', 'none.png', 'kuhlman.net', '', 81, 1, 1, NULL, NULL, 0),
(28, 'Id temporibus sed in rerum.', 'Velit voluptas temporibus eaque voluptate et perferendis. Tenetur libero nam temporibus perspiciatis assumenda quia magni. Officiis nemo animi minus qui nulla. Eum ea aspernatur voluptatem.', 'Officiis molestias molestiae omnis non et. Accusamus ut et dolor ullam quo aut non.', 'none.png', 'luettgen.org', '', 21, 1, 1, NULL, NULL, 0),
(29, 'Illum error et dolores et.', 'Accusamus praesentium perferendis et est. Et labore maiores corporis optio est temporibus. Voluptatem quos autem sapiente aut.\nEa deserunt magni est sit tempora. Consectetur deleniti iusto maiores error dolorum. Voluptatem velit modi et ea accusantium voluptatem.', 'Voluptatem quam a est quae id. Quasi ea inventore et voluptatum. Et dolor adipisci quaerat.', 'none.png', 'pricedickens.com', '', 8, 1, 1, NULL, NULL, 0),
(30, 'Voluptatem voluptatem aperiam quo.', 'Vitae totam quo repellat reiciendis. Est non aut aut.\nEt voluptatem quae animi velit reiciendis asperiores quia doloremque. Repellendus reiciendis voluptas et hic doloribus recusandae nihil. Ad corporis numquam odio cupiditate corrupti ut ullam.', 'Doloribus et ad non repellat. Eius porro enim ut et tempore consequatur sit.', 'none.png', 'bechtelarlang.org', '', 52, 1, 1, NULL, NULL, 0),
(31, 'Voluptatibus hic unde et sunt sunt consectetur.', 'Accusamus in aliquam et sit nemo blanditiis qui blanditiis. Quae autem consequatur enim sequi temporibus corrupti in. Ut voluptatibus modi harum dolores.\nAccusamus aperiam at labore pariatur est nam et. Rem fugiat sed sint adipisci sed. Iure ipsa id voluptatem et corporis est.', 'Aut ut eum dolor et numquam cum ut. Non et vero repellendus.', 'none.png', 'kling.net', '', 52, 1, 1, NULL, NULL, 0),
(32, 'Unde ut delectus neque perferendis odio consequatur.', 'Voluptas omnis et quidem delectus iure. Tempora necessitatibus aut et explicabo harum facere quia. Velit quidem molestias est ut et ipsa itaque. Officia et eum fugit beatae.', 'Consectetur nihil occaecati nulla qui ducimus facilis et. Sequi quasi non rerum enim eaque rerum.', 'none.png', 'sawayn.biz', '', 68, 1, 1, NULL, NULL, 0),
(33, 'Mollitia animi architecto quia architecto ut quas.', 'Amet repellat totam et dicta. Sed ut cumque veniam ullam. Veniam earum blanditiis ratione nesciunt accusamus nobis.\nAt facere molestias officia ea. Assumenda laboriosam ut exercitationem ab illo assumenda ea. Doloribus aliquid et sed quasi quis deleniti ab.', 'Pariatur qui laborum voluptate. Aliquam occaecati earum velit in corrupti.', 'none.png', 'sawaynhaley.com', '', 11, 1, 1, NULL, NULL, 0),
(34, 'Repellat deleniti beatae nisi voluptatem aut dolorem aspernatur.', 'Officiis nostrum ea quam iure fuga molestias. Quis magni repudiandae est commodi ea blanditiis. Corporis error facilis non quam consequatur aut quasi qui. Dolorem facere necessitatibus molestiae vel sed nihil praesentium.', 'Non vel necessitatibus aut nihil quae sit quo. Quia rerum beatae quis aperiam in.', 'none.png', 'sipesreilly.com', '', 85, 1, 1, NULL, NULL, 0),
(35, 'Fugit expedita magni distinctio dolores cupiditate magni dolores debitis.', 'Voluptatem nobis possimus laudantium corporis est. Sed tempore et et et culpa. Ipsa cum ut nihil eos ullam. Qui distinctio nemo occaecati vero deleniti.', 'Ea velit quia voluptatem maiores ea. Repellat magnam aut earum at.', 'none.png', 'prosaccostroman.com', '', 7, 1, 1, NULL, NULL, 0),
(36, 'Velit neque omnis occaecati nisi tempora.', 'Et placeat provident ipsum. Quia veritatis ullam qui eos. Quos quisquam explicabo et ipsum.\nQuia iure ipsam tempore laboriosam ipsa nihil et. Incidunt velit expedita fuga est dolorum. Beatae autem rerum sint error qui repellat.', 'Explicabo velit quo accusantium aliquid reiciendis in. Et aliquam maiores doloribus totam at quis.', 'none.png', 'johnston.com', '', 6, 1, 1, NULL, NULL, 0),
(37, 'Porro quas est ullam harum facilis voluptas esse.', 'Est perspiciatis ab placeat nostrum iusto. Aspernatur in aliquam non voluptatem quia officia. Fugit quos aut tempore amet quia ullam corrupti. Voluptatibus deleniti aut porro eveniet quo beatae est.', 'Sunt maiores ratione amet et. Ut tempora est sit libero. Adipisci ut facilis enim ut qui.', 'none.png', 'lindgrenlemke.com', '', 69, 1, 1, NULL, NULL, 0),
(38, 'Est quia commodi ducimus molestiae repudiandae.', 'Autem molestias sint rerum et quaerat. Nihil dolores sed quam voluptas explicabo. Quos explicabo laudantium autem. Placeat tempora ab itaque perferendis est.', 'Sit voluptas neque error dolor laudantium est. Ipsam laboriosam non iste optio voluptatem.', 'none.png', 'boyle.info', '', 40, 1, 1, NULL, NULL, 0),
(39, 'Vero ab totam enim ipsum totam.', 'Est voluptatibus nam incidunt vero. Sint harum saepe voluptates tempora eaque id. Quia earum et aliquid ex delectus inventore. Quibusdam veniam debitis et odio.\nEst possimus non aut consequatur. Quos in qui ipsam ducimus aut cupiditate.', 'Omnis delectus recusandae dolorum. Sint non ducimus odio omnis vel voluptatum facilis.', 'none.png', 'metz.com', '', 84, 1, 1, NULL, NULL, 0),
(40, 'Consequatur quae perferendis aut impedit dolores quia magni.', 'Eos in tenetur voluptatem suscipit asperiores fugiat eius. Molestiae quo alias molestias est saepe eos. Delectus molestiae vel in placeat occaecati saepe. Et vitae harum vitae quidem.', 'Explicabo quam voluptatem molestiae officiis. Ut hic omnis odio ea distinctio quia.', 'none.png', 'stroman.com', '', 56, 1, 1, NULL, NULL, 0),
(41, 'Sed quo sit est est.', 'Et dolorum nemo repellendus. Ut nemo aut dolor doloribus. Nobis vero enim quis illo harum nihil.\nUt rerum ipsa voluptatum facilis. Qui sed recusandae consequatur tempora molestiae nisi id.', 'Earum suscipit sapiente molestias nemo et. Voluptatem quia aut expedita hic ut.', 'none.png', 'kihn.com', '', 75, 1, 1, NULL, NULL, 0),
(42, 'Veritatis doloremque sed cum nihil enim.', 'Molestiae doloremque fugiat rerum maxime. Iste sit temporibus laboriosam qui eum. Expedita id aspernatur earum dolores.', 'Nesciunt veniam quo delectus. Reiciendis commodi eaque est.', 'none.png', 'lehner.com', '', 32, 1, 1, NULL, NULL, 0),
(43, 'Optio temporibus dolor qui et.', 'Omnis odit cumque ut ea quis excepturi. Alias et quo atque ex sed. Ad aspernatur quia dolores. Eum voluptas beatae suscipit ut atque nihil id ab.\nVoluptatibus sunt iste sint blanditiis rerum. Qui tempore eveniet modi aut cumque sapiente tempore. Neque quia corrupti porro voluptatem.', 'Explicabo iste soluta voluptatibus vel sunt non. Blanditiis voluptatem ut eos ipsa.', 'none.png', 'simonislangosh.com', '', 14, 1, 1, NULL, NULL, 0),
(44, 'Consequatur nihil quia et tempora consequatur magni quae.', 'Laudantium aliquid praesentium omnis tempora. Velit aut sequi cumque omnis eum dolorum sapiente. Cumque doloribus consectetur itaque non repudiandae maiores quos. Nemo ut at aut atque.', 'Quia iste possimus itaque. Voluptates qui debitis soluta maiores.', 'none.png', 'klocko.com', '', 80, 1, 1, NULL, NULL, 0),
(45, 'Dolore et quidem consectetur eaque facilis.', 'Et ratione hic quaerat dolorem. Dignissimos eos libero excepturi placeat. Officia aut consequatur assumenda non. Quod sint nam fuga qui.\nAperiam similique voluptatem autem atque. Nihil optio consequatur consequuntur sint. Omnis nesciunt officiis odit aut odit nostrum quia dolore.', 'Provident ad expedita sapiente ex repudiandae quos. Minus aspernatur quis illum est.', 'none.png', 'bruen.org', '', 61, 1, 1, NULL, NULL, 0),
(46, 'Rerum rem quasi qui iusto dolor doloribus repellat.', 'Nesciunt provident odit dicta odit dolor qui eos. Voluptatibus autem quia ut et. Inventore odio consequuntur officiis possimus minima molestiae laborum. Dolores et enim maxime similique mollitia dolorem ratione.', 'Labore at voluptas accusantium non. Necessitatibus in et saepe doloremque veniam eum.', 'none.png', 'walker.com', '', 80, 1, 1, NULL, NULL, 0),
(47, 'Suscipit aperiam provident a maxime quidem ut rerum.', 'Ipsa delectus impedit rem distinctio possimus. Eum quaerat possimus quam tempore. Nulla sit in perspiciatis. Debitis dignissimos delectus sit architecto voluptatem voluptas.\nNumquam aut quos dolorem quam possimus. Quia impedit aliquam accusantium sed.', 'Magni quae quae dignissimos sit consequuntur eveniet. Voluptatum ipsum sunt earum nihil ipsum.', 'none.png', 'kulas.net', '', 61, 1, 1, NULL, NULL, 0),
(48, 'Eius velit voluptatem est consequatur dignissimos aliquid.', 'Incidunt aperiam et adipisci praesentium fugiat architecto. Velit sapiente corporis illum mollitia cupiditate commodi. Et nam distinctio cupiditate facilis. Non id blanditiis laboriosam est animi ut. Explicabo sapiente quisquam illo quisquam doloremque blanditiis.', 'Rerum animi dolorum quod dolorem rerum. Autem et alias at aut praesentium eum doloribus.', 'none.png', 'schowalter.com', '', 62, 1, 1, NULL, NULL, 0),
(49, 'Laudantium recusandae rerum et ut dignissimos sed iste dolores.', 'Quia voluptatibus repellendus molestias molestiae. Laborum pariatur voluptas nisi eos. Eum maiores maiores ut ratione aut mollitia eos.\nVoluptate reprehenderit aut aut fugiat atque. Rerum dolorem error commodi. Dolor adipisci nisi rerum esse ratione.', 'Atque quasi et nostrum atque et explicabo. Perferendis corrupti debitis dolorem doloribus magnam.', 'none.png', 'donnelly.com', '', 90, 1, 1, NULL, NULL, 0),
(50, 'Nobis blanditiis quas quas mollitia quia et fuga.', 'Magnam ratione nisi voluptates architecto necessitatibus esse culpa ea. Beatae eum nobis harum id aliquid mollitia sed. Sed rerum quia aut dolorum nesciunt. Rerum incidunt quisquam eveniet inventore voluptatem consequuntur. Pariatur deleniti eos dolores et dolore.', 'Vitae corporis voluptas dolores tempora est doloribus. Et deserunt et rerum enim consequatur.', 'none.png', 'conroy.biz', '', 62, 1, 1, NULL, NULL, 0),
(51, 'Magnam praesentium culpa sed aut.', 'Eveniet est sed non aut modi. Tenetur porro similique voluptas voluptas quisquam est. Explicabo iusto molestiae explicabo eius molestias alias.', 'Totam eveniet a et sit qui dolores dolor. Dignissimos exercitationem sed et aut mollitia id.', 'none.png', 'macejkovic.com', '', 40, 1, 1, NULL, NULL, 0),
(52, 'Ullam corrupti et atque libero quos.', 'Aut alias similique doloribus tempore. Dicta illum veritatis rerum et corporis optio et. Eveniet consequatur quibusdam asperiores maiores consectetur optio voluptatum.', 'Consequatur ab adipisci nemo aut quidem corrupti dolor. Sequi dicta iure id saepe vero.', 'none.png', 'gaylord.com', '', 43, 1, 1, NULL, NULL, 0),
(53, 'Esse ut voluptatem consequatur assumenda temporibus veritatis quaerat.', 'Quos consequatur aliquid accusantium nulla. Atque sint provident molestiae et non. Quia omnis nihil ipsum veniam. Quidem rerum repellendus officiis voluptatum doloribus.\nTemporibus repudiandae quo esse consequuntur repellat. Tenetur molestiae et pariatur quis accusantium beatae saepe.', 'Enim facilis exercitationem rerum qui hic est. Ad laudantium vel quisquam.', 'none.png', 'runolfssonhoppe.biz', '', 32, 1, 1, NULL, NULL, 0),
(54, 'Ut eaque autem illum dolores dolores repellat.', 'Quisquam est animi quam quo et fugiat voluptatibus. Recusandae quam mollitia est quisquam quia. Alias et sint accusamus voluptatem aliquid deleniti qui.', 'Iste voluptate aut debitis vel. Natus dolor velit corrupti ab.', 'none.png', 'luettgen.com', '', 99, 1, 1, NULL, NULL, 0),
(55, 'Sit soluta qui repellendus quod quod.', 'Amet nisi provident non illum. Fugit pariatur aut esse harum sunt quod atque quia. Itaque velit esse repudiandae cupiditate nisi id. Molestiae ad labore blanditiis consequuntur aut voluptas.', 'Minima corrupti qui voluptas qui veritatis dolores reprehenderit. Dolorem rem odit voluptatem nisi.', 'none.png', 'nolan.com', '', 37, 1, 1, NULL, NULL, 0),
(56, 'Ut dolores similique quo culpa voluptas quidem.', 'Iste aut ut omnis velit accusamus. Debitis omnis et cum aut. Sit culpa earum possimus ea doloremque sequi.\nCulpa voluptate accusantium illum aliquam unde magnam in. Quia dolor quia in magni vel occaecati. Quam eum similique nesciunt occaecati.', 'Non qui qui ab est harum. Est sequi consequatur consectetur sit.', 'none.png', 'kautzer.biz', '', 26, 1, 1, NULL, NULL, 0),
(57, 'Autem fugit velit necessitatibus est assumenda consequatur distinctio rem.', 'Dolor sed quos omnis ea nemo illum. Ut et dolorem harum laudantium dolorum est quis. Ea et dignissimos commodi voluptatibus.', 'Voluptatum et nihil qui ut. Sed aut dolor omnis voluptates.', 'none.png', 'sipes.info', '', 40, 1, 1, NULL, NULL, 0),
(58, 'Cum nam enim et accusantium aut aut.', 'Itaque quam nemo est iure. Est animi facere vitae id quisquam praesentium neque voluptatem.\nRerum earum nemo error accusantium magni. Vitae velit dolore ex odit et.', 'Architecto distinctio qui aliquam et ut. Qui impedit ullam commodi quisquam qui.', 'none.png', 'brown.net', '', 18, 1, 1, NULL, NULL, 0),
(59, 'Sint dolores officia minima est laboriosam.', 'Neque eos eligendi libero aut. Odit ipsa rerum rem et exercitationem. Nemo debitis necessitatibus vel ea officiis molestiae velit nemo. Corrupti inventore dolorem fuga.', 'Velit distinctio quia voluptatem et. Eos officiis voluptas neque non illum expedita nam.', 'none.png', 'tillman.net', '', 96, 1, 1, NULL, NULL, 0),
(60, 'Quod eaque saepe eveniet deserunt voluptas quisquam tempora ratione.', 'Recusandae aut veniam ipsa ad non. Dolorem sunt temporibus aut molestias. Animi aut velit maxime velit expedita et quo. Saepe harum blanditiis eos et nulla nam.', 'Nobis temporibus voluptas tempore et. Sed odio praesentium alias ut cumque error ea illo.', 'none.png', 'konopelski.com', '', 3, 1, 1, NULL, NULL, 0),
(61, 'Sint amet et reiciendis illo ab facilis.', 'Temporibus voluptas nihil cupiditate dolor ut animi quis. Natus facilis et sit praesentium illo. Autem soluta molestiae error et dolor necessitatibus optio.', 'Qui doloremque ut pariatur ut repudiandae placeat. Illum quos quos nobis nemo neque ut mollitia.', 'none.png', 'gradykozey.org', '', 83, 1, 1, NULL, NULL, 0),
(62, 'Magnam quia necessitatibus et quis molestiae voluptatem.', 'Voluptatem quia sunt molestias et et et et. Quo ipsa ullam saepe provident dolores sed nulla. Dolor temporibus qui assumenda quia doloremque assumenda. Corporis vel alias amet aut enim.', 'Ratione quis qui officiis similique. Quasi enim voluptatem nisi dolore corporis vitae.', 'none.png', 'damore.com', '', 86, 1, 1, NULL, NULL, 0),
(63, 'Fugit quisquam ullam deleniti quia est impedit.', 'Animi at assumenda vel incidunt illum et. Qui ut pariatur et ut totam nobis. Amet deserunt itaque maiores est occaecati fugit quia. Iure aut pariatur consequuntur sunt doloremque error similique.', 'Et velit ut ut velit nostrum. Accusamus amet alias earum itaque porro.', 'none.png', 'gerhold.info', '', 67, 1, 1, NULL, NULL, 0),
(64, 'Qui sint enim nihil non.', 'Ducimus temporibus asperiores rerum. Laudantium minima debitis non quasi aperiam qui laudantium. Sint ut ipsam dolore sunt odit aut eum.', 'Voluptas omnis sed ea optio officiis. Ut ullam non illo beatae.', 'none.png', 'farrell.org', '', 48, 1, 1, NULL, NULL, 0),
(65, 'Soluta saepe qui debitis.', 'Reiciendis qui fuga ea. Quis numquam dolores consequuntur perferendis consequatur. Voluptates molestiae dolorum praesentium veniam praesentium. Deserunt voluptatibus error nesciunt.', 'Suscipit quibusdam eveniet praesentium voluptatibus consequatur. Dolor sequi saepe aut.', 'none.png', 'kreiger.org', '', 24, 1, 1, NULL, NULL, 0),
(66, 'Architecto qui vel non officiis delectus nulla.', 'Perferendis molestiae sed illum. Occaecati animi ab rerum temporibus eveniet. Cupiditate et consequuntur eveniet mollitia natus.\nAccusamus expedita soluta minima ab nihil quod harum. Ducimus ipsa rerum quia enim cumque quo. Est doloremque fugiat rerum sed quidem omnis quae unde.', 'Possimus consectetur tempore saepe eum et vel. Voluptatem perspiciatis delectus sint numquam.', 'none.png', 'cassinheller.com', '', 21, 1, 1, NULL, NULL, 0),
(67, 'Ut sunt dignissimos minus incidunt voluptatem quis aliquid ut.', 'Aut quis aliquid quo delectus qui. Atque est facilis eaque vitae accusantium eos et. Similique doloremque quaerat magnam ex aut nostrum. Enim animi voluptate reprehenderit aspernatur et. Et repellat molestiae culpa minima ut.', 'Aliquam nobis tempora ullam ex iste ratione. Dicta alias qui reprehenderit quidem.', 'none.png', 'yundt.com', '', 99, 1, 1, NULL, NULL, 0),
(68, 'Ut cupiditate voluptatibus repellat dolorem cupiditate velit.', 'Praesentium ut voluptatum facilis. Saepe alias enim deleniti. Commodi ipsam et sed aspernatur consequatur voluptas hic.\nUt quaerat sit non voluptatum atque non distinctio. Ab est molestiae tempora aperiam quidem dolore nisi qui.', 'Omnis vero praesentium nulla nesciunt omnis nemo quia. Ut nemo et eum est officiis et vel.', 'none.png', 'grimesgerlach.com', '', 23, 1, 1, NULL, NULL, 0),
(69, 'Aut autem et optio sint est vitae cupiditate.', 'Est sunt tempore natus excepturi corrupti sit mollitia. Tenetur accusamus commodi quam qui nulla. Soluta quas aliquam voluptate explicabo odio accusamus voluptate.', 'Eveniet alias odit dicta nisi ex. Optio atque possimus iusto nihil.', 'none.png', 'marvin.com', '', 53, 1, 1, NULL, NULL, 0),
(70, 'Voluptatum veniam praesentium ut.', 'Perspiciatis nihil porro libero. Quis aspernatur totam exercitationem perferendis rerum enim consequatur. Perferendis aliquid voluptatem in suscipit nesciunt atque.', 'Eos saepe ut ut atque. Natus temporibus optio rerum officiis tempore quo.', 'none.png', 'cassin.com', '', 66, 1, 1, NULL, NULL, 0),
(71, 'Aperiam adipisci voluptatem doloribus cum eius quod ut quaerat.', 'Nesciunt sit odio eum eligendi iure officia. A debitis doloribus nemo aliquam quas. Omnis numquam excepturi accusamus voluptatem. Non qui ut quasi ut ipsam suscipit.\nPossimus qui nesciunt illum animi doloremque quas. Ipsum pariatur eius omnis recusandae vel et. Itaque est aut dolores dolor.', 'Quia totam rerum id. In cum et aut dolor est non. Optio repudiandae esse aut voluptas nam.', 'none.png', 'ledner.com', '', 26, 1, 1, NULL, NULL, 0),
(72, 'Quo vel quia numquam.', 'Odit ut ipsam architecto nesciunt pariatur error minus eaque. Modi est voluptatibus rerum aspernatur minima voluptatem. Debitis veritatis eum ullam facere. Dolor maiores omnis provident voluptatem nostrum fuga quas.', 'Quia sint et explicabo. Voluptates aspernatur voluptatem odit. Vel explicabo natus quae ut.', 'none.png', 'greenholt.com', '', 40, 1, 1, NULL, NULL, 0),
(73, 'Autem voluptatem et explicabo temporibus molestiae.', 'Quibusdam consectetur qui autem consequatur voluptatem asperiores esse odio. Enim quas voluptatem architecto explicabo doloremque. Ab enim et accusantium perferendis ab. Sunt sint aut ex consequatur. Necessitatibus aliquam velit quo repellat adipisci aspernatur.', 'Error facere libero provident quia maxime. Et temporibus qui suscipit et error est.', 'none.png', 'sawaynmayer.com', '', 34, 1, 1, NULL, NULL, 0),
(74, 'Quia quaerat qui velit ipsa nesciunt quas consequatur.', 'Nemo assumenda et nihil nemo accusamus laudantium quod. Repellat optio adipisci ratione eum dolores vero dolorem. Atque ratione eum asperiores enim neque animi eos. Autem ea et rem et.', 'Voluptatem excepturi nobis ea et odio sit. Inventore neque ut et eaque.', 'none.png', 'mitchell.com', '', 56, 1, 1, NULL, NULL, 0),
(75, 'Esse exercitationem sapiente temporibus et et.', 'Perferendis molestiae libero aut ullam ut. Aperiam excepturi praesentium porro in facilis asperiores et. Qui sit recusandae delectus voluptates.', 'Et optio autem labore eos beatae. Id minima et et.', 'none.png', 'morar.biz', '', 71, 1, 1, NULL, NULL, 0),
(76, 'Et veniam perferendis modi.', 'Vitae voluptatem dignissimos et voluptatibus. Est et accusamus et fuga ut placeat. Saepe voluptatibus qui alias sit accusantium illum.', 'Accusantium qui aliquid at ratione aut ratione. Sit tempora impedit neque consequatur dolor.', 'none.png', 'ebert.com', '', 24, 1, 1, NULL, NULL, 0),
(77, 'Perspiciatis iusto deleniti maiores aperiam perspiciatis nesciunt libero corporis.', 'Sint facere odio dolor corporis. At veniam eveniet impedit magni voluptatibus voluptatibus. Aut voluptatibus nemo assumenda asperiores autem perferendis. Quae cumque ut perferendis aut.', 'Esse quaerat blanditiis alias voluptatibus itaque esse. Rerum magni et modi.', 'none.png', 'smith.com', '', 84, 1, 1, NULL, NULL, 0),
(78, 'Omnis assumenda esse velit et.', 'Omnis sapiente neque officiis excepturi doloribus occaecati. Minus fugit deserunt voluptatem est porro necessitatibus. Minus ea iste occaecati rerum sed.', 'Ut ut aut ut quia exercitationem. Ad et et quaerat et.', 'none.png', 'reinger.com', '', 80, 1, 1, NULL, NULL, 0),
(79, 'Et voluptatem inventore hic eum neque eveniet fugit.', 'Et impedit rerum dolor rem ipsam veritatis. Libero excepturi non nemo voluptatem. Vel ea quia inventore eum.\nNemo quaerat nobis eum ut necessitatibus. Sint omnis voluptatem ut fuga explicabo ut. Rerum ab praesentium repudiandae ut ut veritatis accusamus rerum.', 'Doloribus mollitia aut cum repudiandae. Dolore similique deserunt hic possimus ut quisquam ut.', 'none.png', 'schumm.com', '', 29, 1, 1, NULL, NULL, 0),
(80, 'Molestiae quibusdam qui perferendis sint et consequatur.', 'Architecto sed quod quisquam optio odit. Et sit repudiandae placeat aliquid ex. Sed corporis vel et hic. Voluptatem eaque saepe inventore nemo deleniti.\nEst necessitatibus alias ullam et aut quisquam quas magnam. Quod tempore quia eaque sunt qui. Animi et repellat distinctio qui.', 'Voluptate ab sed a reprehenderit sed. Reprehenderit fuga fuga fugiat nisi eos quia.', 'none.png', 'schneider.com', '', 46, 1, 1, NULL, NULL, 0),
(81, 'Repellendus aliquid recusandae quod natus.', 'Est voluptas architecto eum dolores. Et minima quia impedit quam quis eos. Aut beatae incidunt qui neque. Aut ea ratione delectus laborum illum non aspernatur.', 'Eaque aliquam aut sed rerum. Est voluptatum at velit. Et delectus sed omnis tenetur.', 'none.png', 'lueilwitz.com', '', 46, 1, 1, NULL, NULL, 0),
(82, 'Reprehenderit tenetur odit aut reiciendis quis.', 'Dignissimos sint quos in omnis rerum et est. Molestias voluptas blanditiis ratione facilis. Et odit iusto dolorem accusantium doloremque consequatur.\nPlaceat quod sequi id qui et. Quia veniam enim consectetur non doloribus. Deserunt sint qui assumenda incidunt est qui.', 'Iure nesciunt mollitia deleniti dolores. Voluptas assumenda aspernatur nesciunt quis.', 'none.png', 'smitham.com', '', 54, 1, 1, NULL, NULL, 0),
(83, 'Ipsam nobis vitae reprehenderit suscipit eos quasi quia qui.', 'Assumenda voluptatem dolorem est distinctio perspiciatis vel omnis earum. Totam cum pariatur eligendi ex necessitatibus quam. Cum ut fuga non quia.\nDeleniti voluptatibus sed in sed ut. Ipsum ab saepe nihil dolor vero voluptates et. Rem ut incidunt repellendus nisi qui aut.', 'Quasi blanditiis sunt aut distinctio. Ipsum qui nemo aspernatur ea et in non vitae.', 'none.png', 'ziemann.com', '', 29, 1, 1, NULL, NULL, 0),
(84, 'Commodi voluptatem sequi autem veritatis.', 'Adipisci dolorum sapiente et voluptatibus ullam. Qui autem iusto veniam excepturi quo. Ut maiores veritatis distinctio aspernatur eaque eos omnis aliquid. Quia architecto quia et expedita est repellat ut.', 'Praesentium in ut excepturi libero facere laboriosam ratione. Ut suscipit voluptas rerum ea cumque.', 'none.png', 'mayer.org', '', 49, 1, 1, NULL, NULL, 0),
(85, 'Recusandae fugiat facere consectetur velit quia.', 'Non dolore magni maxime. Ipsum quas rerum temporibus eum eligendi quos. Dolores architecto id quam inventore aut.\nRecusandae est libero et ut. Aut labore aut laudantium iure laudantium. Magni quasi et voluptatem in ut ex autem.', 'Quaerat aspernatur optio laboriosam atque laboriosam hic facere et. Cumque omnis sequi velit ex.', 'none.png', 'auer.com', '', 19, 1, 1, NULL, NULL, 0),
(86, 'Dolorem architecto nemo debitis non molestias est quia.', 'Et blanditiis exercitationem et ipsa recusandae sed minus. Qui est sed sint nisi a eius. Praesentium ipsum sed quae nam alias.\nEligendi sit labore impedit nihil placeat non consequatur dignissimos. Expedita nesciunt quaerat commodi nihil. Sapiente nemo ratione adipisci nisi.', 'Sunt sint suscipit ut numquam voluptate porro. Velit laborum amet tenetur.', 'none.png', 'howe.com', '', 54, 1, 1, NULL, NULL, 0),
(87, 'Natus ducimus voluptas atque.', 'Magnam voluptatem architecto dolorem. Pariatur nesciunt maxime cum possimus est recusandae cumque. Est nulla optio blanditiis non temporibus sit.', 'Ut dolores ducimus assumenda sit voluptatem ut. Beatae blanditiis est non et qui neque placeat.', 'none.png', 'parisian.biz', '', 52, 1, 1, NULL, NULL, 0),
(88, 'Dolore dolorem sint eveniet ipsa eos.', 'Sapiente et reiciendis voluptatum eum molestiae ea. Laborum similique in et consequatur et ducimus laborum. Cumque ut distinctio qui in modi.', 'Voluptates quis sed ut pariatur impedit iusto. Aut dolor amet molestiae et distinctio ratione.', 'none.png', 'will.com', '', 72, 1, 1, NULL, NULL, 0),
(89, 'Quaerat libero veniam nemo consequatur.', 'Molestiae omnis illum id. Nulla facilis libero eum sit quasi. Dolorem neque occaecati nihil voluptatem natus nesciunt.\nSimilique vero in voluptas qui qui. Nihil debitis incidunt et quas. Cupiditate corporis impedit quo rerum. Modi placeat labore eos doloribus aut.', 'Vitae debitis maxime beatae odit. Nihil dolor rerum non.', 'none.png', 'kreigergottlieb.com', '', 36, 1, 1, NULL, NULL, 0),
(90, 'Soluta veritatis doloremque deleniti necessitatibus id et.', 'Sequi similique eum sunt suscipit optio dolor. Inventore dolorem soluta ut officia quod. Id minima qui veniam expedita in.\nEst eum aspernatur saepe. Cum voluptas ipsam quod beatae libero quod. Voluptas sint aspernatur voluptatibus ut autem rerum laboriosam. Qui et eaque qui quibusdam.', 'Molestiae nobis temporibus culpa totam. Quisquam ut qui dolor officiis.', 'none.png', 'leannon.com', '', 1, 1, 1, NULL, NULL, 0),
(91, 'Maiores in soluta repellat vel.', 'Blanditiis saepe eos et mollitia ut. Eveniet sed totam voluptatibus sed non.\nA error occaecati explicabo aut. Sequi hic error odio libero quaerat est quis nihil. Est et laboriosam sunt et qui sequi. Iure accusamus sit ipsam quia consequuntur dicta.', 'Est exercitationem laudantium unde ipsum molestiae in dolorem. Animi voluptatem eos aliquam.', 'none.png', 'stroman.com', '', 12, 1, 1, NULL, NULL, 0),
(92, 'Laboriosam culpa ipsam in autem perspiciatis.', 'Expedita consequuntur sint ea ut. Velit modi molestiae impedit. Voluptatem ut facere veritatis consequatur ab est rerum. Iure qui officia voluptas et.', 'Autem tenetur enim necessitatibus nihil. Eum adipisci odio sit eius officia accusamus.', 'none.png', 'thiel.com', '', 99, 1, 1, NULL, NULL, 0),
(93, 'Quos non est iure quas aut facere.', 'Soluta vel eius sed alias. Consequatur quidem sit inventore ea ab. Qui illo et provident delectus cum. Tenetur optio aut velit ut non vel.', 'Non aut dolorem non neque quos impedit ipsam. Corrupti nam dolorem non.', 'none.png', 'konopelskirodriguez.com', '', 15, 1, 1, NULL, NULL, 0),
(94, 'Molestias saepe et itaque et.', 'Error eaque explicabo itaque perspiciatis. Et repellat qui quasi ut. Mollitia facilis quia quo voluptate repudiandae voluptate. Id consequatur sed repellat rerum illum.', 'Placeat culpa voluptatum nemo eligendi est perspiciatis qui. Porro veniam porro quidem.', 'none.png', 'streich.com', '', 15, 1, 1, NULL, NULL, 0),
(95, 'Harum dolores praesentium mollitia qui.', 'Facere quis repellat ut aliquam explicabo. Dolor repudiandae ducimus eum odio aut aliquam. Quod expedita et placeat ullam officiis ea eius quis. Esse inventore asperiores reiciendis enim enim ipsum et culpa.', 'Numquam quo quod sit nemo. Illo exercitationem odio optio. Sit quisquam nulla ullam.', 'none.png', 'lebsackdickinson.com', '', 84, 1, 1, NULL, NULL, 0),
(96, 'Delectus voluptatem dignissimos expedita.', 'Accusantium minus doloribus vitae aut. Aperiam excepturi est reiciendis ut. Quasi aliquam consequuntur vel eligendi id.\nQuis perspiciatis ut sequi laboriosam distinctio iste qui ex. Maiores dignissimos repudiandae nobis et expedita tempora voluptates. Dolorem nostrum vitae deserunt sed.', 'Assumenda quam officia nihil. Facere aut nulla labore non consequatur et iste occaecati.', 'none.png', 'borer.com', '', 70, 1, 1, NULL, NULL, 0),
(97, 'Qui necessitatibus animi qui illum.', 'Repudiandae velit quia qui perferendis qui sit voluptas. Fugit aliquam reiciendis adipisci nulla sunt modi aut. Sit illo eum natus consequuntur numquam sint quam. Vero dolor quibusdam libero sit.\nRem alias vel recusandae deleniti ipsa inventore. Velit repudiandae dolorem libero eveniet tempore.', 'Ex nihil placeat labore ut explicabo nobis in molestiae. Et modi aliquid porro.', 'none.png', 'lind.info', '', 46, 1, 1, NULL, NULL, 0),
(98, 'Et sunt voluptatem impedit porro incidunt veniam.', 'Expedita dolorem sunt incidunt id a expedita sed. Aliquid qui minima ut quia praesentium aut. Dolores aliquid vel tenetur delectus sunt.\nEum neque ducimus accusantium sint quasi sunt sit eum. Et fugiat et illum. Sed iusto aut ut. Qui dolores ullam et ipsum.', 'Quia ducimus dolore quisquam voluptate autem. In non saepe ipsum tempore eum.', 'none.png', 'daugherty.net', '', 75, 1, 1, NULL, NULL, 0),
(99, 'Nisi cumque voluptates reiciendis dolor deleniti.', 'Ut incidunt nesciunt deleniti necessitatibus. Aliquam nihil ullam cumque iure. Repudiandae voluptatem vel architecto libero nulla.\nDolore neque pariatur eum. Autem tenetur aliquam nam est. Voluptatum cum repudiandae temporibus nobis est et. Mollitia mollitia excepturi consequatur est.', 'Facilis magni laboriosam non velit qui aut. Quo assumenda nam nisi reiciendis voluptas perferendis.', 'none.png', 'johnston.com', '', 18, 1, 1, NULL, NULL, 0),
(100, 'Qui ipsam corrupti sapiente sint aspernatur ut et.', 'Itaque quidem illum reiciendis sunt natus nam. Iusto rerum quo nesciunt necessitatibus quia molestiae libero. Deleniti deserunt omnis mollitia magnam amet ut aut. Quis possimus quis ea dolores deleniti.', 'Tempora vitae enim temporibus eveniet illum. Quia qui quae veritatis ab ullam sint dolores.', 'none.png', 'denesikrowe.com', '', 49, 1, 1, NULL, NULL, 0),
(101, 'Voluptatem placeat ducimus et.', 'Provident delectus sit aut non eos rem in atque. Quia culpa ea cum minima eius culpa cumque. Earum vero distinctio dolorem illo. Quia enim error quis.', 'Voluptas est reiciendis aut rerum doloribus. Labore officiis consequatur ab quia a ut.', 'none.png', 'kiehn.com', '', 85, 1, 1, NULL, NULL, 0),
(102, 'Sunt alias harum dolorem natus voluptatem.', 'Earum quo voluptas dolore odit qui reiciendis et. Molestias deleniti atque id magni enim. Nemo eos velit et consequuntur dolorum molestias suscipit.', 'Odio omnis voluptatem facilis optio cupiditate. Quos delectus nostrum ad perferendis quos nihil.', 'none.png', 'goodwin.info', '', 65, 1, 1, NULL, NULL, 0);

-- --------------------------------------------------------

--
-- Table structure for table `c8_skill_discipline`
--

CREATE TABLE IF NOT EXISTS `c8_skill_discipline` (
  `id` int(11) NOT NULL AUTO_INCREMENT,
  `name` varchar(255) DEFAULT NULL,
  `keywords` text,
  PRIMARY KEY (`id`)
) ENGINE=InnoDB  DEFAULT CHARSET=latin1 AUTO_INCREMENT=2 ;

--
-- Dumping data for table `c8_skill_discipline`
--

INSERT INTO `c8_skill_discipline` (`id`, `name`, `keywords`) VALUES
(1, 'ICT Certificate', 'ICT, IT, Technology, Software, Hardware');

-- --------------------------------------------------------

--
-- Table structure for table `c8_skill_trainer`
--

CREATE TABLE IF NOT EXISTS `c8_skill_trainer` (
  `id` int(11) NOT NULL AUTO_INCREMENT,
  `trainer_id` int(11) NOT NULL DEFAULT '0',
  `skill_id` int(11) NOT NULL DEFAULT '0',
  `webpage` varchar(255) DEFAULT NULL,
  `valid_until` date DEFAULT NULL,
  PRIMARY KEY (`id`),
  KEY `c8_skill_trainer_ibfk_1` (`trainer_id`),
  KEY `c8_skill_trainer_ibfk_2` (`skill_id`)
) ENGINE=InnoDB  DEFAULT CHARSET=latin1 AUTO_INCREMENT=2 ;

--
-- Dumping data for table `c8_skill_trainer`
--

INSERT INTO `c8_skill_trainer` (`id`, `trainer_id`, `skill_id`, `webpage`, `valid_until`) VALUES
(1, 5, 10, 'sdfsdf', '2014-09-18');

-- --------------------------------------------------------

--
-- Table structure for table `c8_social`
--

CREATE TABLE IF NOT EXISTS `c8_social` (
  `id` int(11) NOT NULL AUTO_INCREMENT,
  `title` varchar(255) NOT NULL DEFAULT '',
  `website` varchar(255) NOT NULL DEFAULT '',
  `small_logo_url` varchar(255) NOT NULL DEFAULT '',
  `large_logo_url` varchar(255) NOT NULL DEFAULT '',
  `username_title` varchar(255) NOT NULL DEFAULT 'username',
  `url_template` varchar(255) NOT NULL DEFAULT '',
  `oauth_url` varchar(255) DEFAULT '',
  PRIMARY KEY (`id`)
) ENGINE=InnoDB  DEFAULT CHARSET=latin1 AUTO_INCREMENT=2 ;

--
-- Dumping data for table `c8_social`
--

INSERT INTO `c8_social` (`id`, `title`, `website`, `small_logo_url`, `large_logo_url`, `username_title`, `url_template`, `oauth_url`) VALUES
(1, 'sdfsdf', 'sdfsdf', 'sdfsdfsd', 'fsdfsdfsdf', 'usernamesdfsdfsdf', 'sdfsdfsdf', 'sdfsdfsdf');

-- --------------------------------------------------------

--
-- Table structure for table `c8_social_profile`
--

CREATE TABLE IF NOT EXISTS `c8_social_profile` (
  `id` int(11) NOT NULL AUTO_INCREMENT,
  `social_id` int(11) NOT NULL DEFAULT '0',
  `username` varchar(255) NOT NULL,
  `profile_id` int(11) NOT NULL DEFAULT '0',
  PRIMARY KEY (`id`),
  KEY `c8_social_profile_ibfk_1` (`social_id`),
  KEY `c8_social_profile_ibfk_2` (`profile_id`)
) ENGINE=InnoDB DEFAULT CHARSET=latin1 AUTO_INCREMENT=1 ;

-- --------------------------------------------------------

--
-- Table structure for table `c8_trainer`
--

CREATE TABLE IF NOT EXISTS `c8_trainer` (
  `id` int(11) NOT NULL AUTO_INCREMENT,
  `org_id` int(11) NOT NULL DEFAULT '0',
  `membership_id` int(11) NOT NULL DEFAULT '0',
  `is_registered` int(11) NOT NULL DEFAULT '0',
  `is_paid` int(11) NOT NULL DEFAULT '0',
  `first_joined` date NOT NULL,
  `last_seen` date NOT NULL,
  `last_valdiated` date NOT NULL,
  PRIMARY KEY (`id`),
  KEY `c8_trainer_ibfk_1` (`org_id`),
  KEY `c8_trainer_ibfk_2` (`membership_id`)
) ENGINE=InnoDB  DEFAULT CHARSET=latin1 AUTO_INCREMENT=102 ;

--
-- Dumping data for table `c8_trainer`
--

INSERT INTO `c8_trainer` (`id`, `org_id`, `membership_id`, `is_registered`, `is_paid`, `first_joined`, `last_seen`, `last_valdiated`) VALUES
(1, 1, 6, 0, 0, '2014-09-17', '2014-09-17', '2014-09-17'),
(2, 79, 4, 0, 0, '0000-00-00', '0000-00-00', '0000-00-00'),
(3, 31, 5, 1, 1, '0000-00-00', '0000-00-00', '0000-00-00'),
(4, 25, 8, 0, 0, '0000-00-00', '0000-00-00', '0000-00-00'),
(5, 93, 6, 0, 0, '0000-00-00', '0000-00-00', '0000-00-00'),
(6, 76, 4, 0, 0, '0000-00-00', '0000-00-00', '0000-00-00'),
(7, 90, 9, 0, 0, '0000-00-00', '0000-00-00', '0000-00-00'),
(8, 31, 4, 0, 0, '0000-00-00', '0000-00-00', '0000-00-00'),
(9, 97, 3, 0, 0, '0000-00-00', '0000-00-00', '0000-00-00'),
(10, 46, 6, 0, 0, '0000-00-00', '0000-00-00', '0000-00-00'),
(11, 54, 7, 0, 0, '0000-00-00', '0000-00-00', '0000-00-00'),
(12, 32, 2, 0, 0, '0000-00-00', '0000-00-00', '0000-00-00'),
(13, 68, 8, 0, 0, '0000-00-00', '0000-00-00', '0000-00-00'),
(14, 91, 3, 0, 0, '0000-00-00', '0000-00-00', '0000-00-00'),
(15, 73, 9, 0, 0, '0000-00-00', '0000-00-00', '0000-00-00'),
(16, 31, 8, 0, 0, '0000-00-00', '0000-00-00', '0000-00-00'),
(17, 47, 8, 0, 0, '0000-00-00', '0000-00-00', '0000-00-00'),
(18, 96, 3, 0, 0, '0000-00-00', '0000-00-00', '0000-00-00'),
(19, 49, 6, 0, 0, '0000-00-00', '0000-00-00', '0000-00-00'),
(20, 2, 8, 0, 0, '0000-00-00', '0000-00-00', '0000-00-00'),
(21, 30, 1, 0, 0, '0000-00-00', '0000-00-00', '0000-00-00'),
(22, 67, 8, 0, 0, '0000-00-00', '0000-00-00', '0000-00-00'),
(23, 63, 5, 0, 0, '0000-00-00', '0000-00-00', '0000-00-00'),
(24, 45, 7, 0, 0, '0000-00-00', '0000-00-00', '0000-00-00'),
(25, 83, 1, 0, 0, '0000-00-00', '0000-00-00', '0000-00-00'),
(26, 51, 9, 0, 0, '0000-00-00', '0000-00-00', '0000-00-00'),
(27, 61, 1, 0, 0, '0000-00-00', '0000-00-00', '0000-00-00'),
(28, 97, 2, 0, 0, '0000-00-00', '0000-00-00', '0000-00-00'),
(29, 75, 8, 0, 0, '0000-00-00', '0000-00-00', '0000-00-00'),
(30, 13, 2, 0, 0, '0000-00-00', '0000-00-00', '0000-00-00'),
(31, 25, 8, 0, 0, '0000-00-00', '0000-00-00', '0000-00-00'),
(32, 96, 1, 0, 0, '0000-00-00', '0000-00-00', '0000-00-00'),
(33, 56, 7, 0, 0, '0000-00-00', '0000-00-00', '0000-00-00'),
(34, 14, 2, 0, 0, '0000-00-00', '0000-00-00', '0000-00-00'),
(35, 98, 4, 0, 0, '0000-00-00', '0000-00-00', '0000-00-00'),
(36, 39, 4, 0, 0, '0000-00-00', '0000-00-00', '0000-00-00'),
(37, 32, 5, 0, 0, '0000-00-00', '0000-00-00', '0000-00-00'),
(38, 98, 2, 0, 0, '0000-00-00', '0000-00-00', '0000-00-00'),
(39, 12, 1, 0, 0, '0000-00-00', '0000-00-00', '0000-00-00'),
(40, 29, 3, 0, 0, '0000-00-00', '0000-00-00', '0000-00-00'),
(41, 70, 6, 0, 0, '0000-00-00', '0000-00-00', '0000-00-00'),
(42, 98, 2, 0, 0, '0000-00-00', '0000-00-00', '0000-00-00'),
(43, 32, 8, 0, 0, '0000-00-00', '0000-00-00', '0000-00-00'),
(44, 8, 3, 0, 0, '0000-00-00', '0000-00-00', '0000-00-00'),
(45, 96, 7, 0, 0, '0000-00-00', '0000-00-00', '0000-00-00'),
(46, 64, 8, 0, 0, '0000-00-00', '0000-00-00', '0000-00-00'),
(47, 92, 7, 0, 0, '0000-00-00', '0000-00-00', '0000-00-00'),
(48, 35, 8, 0, 0, '0000-00-00', '0000-00-00', '0000-00-00'),
(49, 33, 6, 0, 0, '0000-00-00', '0000-00-00', '0000-00-00'),
(50, 56, 3, 0, 0, '0000-00-00', '0000-00-00', '0000-00-00'),
(51, 38, 1, 0, 0, '0000-00-00', '0000-00-00', '0000-00-00'),
(52, 90, 1, 0, 0, '0000-00-00', '0000-00-00', '0000-00-00'),
(53, 48, 1, 0, 0, '0000-00-00', '0000-00-00', '0000-00-00'),
(54, 72, 6, 0, 0, '0000-00-00', '0000-00-00', '0000-00-00'),
(55, 69, 7, 0, 0, '0000-00-00', '0000-00-00', '0000-00-00'),
(56, 38, 7, 0, 0, '0000-00-00', '0000-00-00', '0000-00-00'),
(57, 52, 2, 0, 0, '0000-00-00', '0000-00-00', '0000-00-00'),
(58, 62, 1, 0, 0, '0000-00-00', '0000-00-00', '0000-00-00'),
(59, 15, 9, 0, 0, '0000-00-00', '0000-00-00', '0000-00-00'),
(60, 96, 8, 0, 0, '0000-00-00', '0000-00-00', '0000-00-00'),
(61, 18, 2, 0, 0, '0000-00-00', '0000-00-00', '0000-00-00'),
(62, 39, 8, 0, 0, '0000-00-00', '0000-00-00', '0000-00-00'),
(63, 45, 5, 0, 0, '0000-00-00', '0000-00-00', '0000-00-00'),
(64, 70, 3, 0, 0, '0000-00-00', '0000-00-00', '0000-00-00'),
(65, 4, 9, 0, 0, '0000-00-00', '0000-00-00', '0000-00-00'),
(66, 49, 7, 0, 0, '0000-00-00', '0000-00-00', '0000-00-00'),
(67, 77, 9, 0, 0, '0000-00-00', '0000-00-00', '0000-00-00'),
(68, 22, 9, 0, 0, '0000-00-00', '0000-00-00', '0000-00-00'),
(69, 32, 4, 0, 0, '0000-00-00', '0000-00-00', '0000-00-00'),
(70, 80, 8, 0, 0, '0000-00-00', '0000-00-00', '0000-00-00'),
(71, 99, 7, 0, 0, '0000-00-00', '0000-00-00', '0000-00-00'),
(72, 99, 6, 0, 0, '0000-00-00', '0000-00-00', '0000-00-00'),
(73, 32, 5, 0, 0, '0000-00-00', '0000-00-00', '0000-00-00'),
(74, 2, 9, 0, 0, '0000-00-00', '0000-00-00', '0000-00-00'),
(75, 22, 1, 0, 0, '0000-00-00', '0000-00-00', '0000-00-00'),
(76, 89, 7, 0, 0, '0000-00-00', '0000-00-00', '0000-00-00'),
(77, 96, 7, 0, 0, '0000-00-00', '0000-00-00', '0000-00-00'),
(78, 46, 5, 0, 0, '0000-00-00', '0000-00-00', '0000-00-00'),
(79, 44, 8, 0, 0, '0000-00-00', '0000-00-00', '0000-00-00'),
(80, 81, 1, 0, 0, '0000-00-00', '0000-00-00', '0000-00-00'),
(81, 50, 8, 0, 0, '0000-00-00', '0000-00-00', '0000-00-00'),
(82, 63, 1, 0, 0, '0000-00-00', '0000-00-00', '0000-00-00'),
(83, 39, 7, 0, 0, '0000-00-00', '0000-00-00', '0000-00-00'),
(84, 3, 2, 0, 0, '0000-00-00', '0000-00-00', '0000-00-00'),
(85, 82, 4, 0, 0, '0000-00-00', '0000-00-00', '0000-00-00'),
(86, 22, 6, 0, 0, '0000-00-00', '0000-00-00', '0000-00-00'),
(87, 15, 4, 0, 0, '0000-00-00', '0000-00-00', '0000-00-00'),
(88, 34, 2, 0, 0, '0000-00-00', '0000-00-00', '0000-00-00'),
(89, 73, 9, 0, 0, '0000-00-00', '0000-00-00', '0000-00-00'),
(90, 50, 2, 0, 0, '0000-00-00', '0000-00-00', '0000-00-00'),
(91, 79, 9, 0, 0, '0000-00-00', '0000-00-00', '0000-00-00'),
(92, 30, 1, 0, 0, '0000-00-00', '0000-00-00', '0000-00-00'),
(93, 25, 4, 0, 0, '0000-00-00', '0000-00-00', '0000-00-00'),
(94, 61, 4, 0, 0, '0000-00-00', '0000-00-00', '0000-00-00'),
(95, 19, 2, 0, 0, '0000-00-00', '0000-00-00', '0000-00-00'),
(96, 93, 4, 0, 0, '0000-00-00', '0000-00-00', '0000-00-00'),
(97, 28, 8, 0, 0, '0000-00-00', '0000-00-00', '0000-00-00'),
(98, 12, 4, 0, 0, '0000-00-00', '0000-00-00', '0000-00-00'),
(99, 32, 3, 0, 0, '0000-00-00', '0000-00-00', '0000-00-00'),
(100, 98, 1, 0, 0, '0000-00-00', '0000-00-00', '0000-00-00'),
(101, 73, 6, 0, 0, '0000-00-00', '0000-00-00', '0000-00-00');

-- --------------------------------------------------------

--
-- Table structure for table `c8_user`
--

CREATE TABLE IF NOT EXISTS `c8_user` (
  `id` int(11) NOT NULL AUTO_INCREMENT,
  `first_name` varchar(255) NOT NULL DEFAULT '',
  `last_name` varchar(255) NOT NULL DEFAULT '',
  `full_name` varchar(255) NOT NULL DEFAULT '',
  `email` varchar(255) NOT NULL DEFAULT '',
  `mobile` varchar(255) NOT NULL DEFAULT '',
  `house_unit_number` varchar(255) NOT NULL DEFAULT '',
  `street` varchar(255) NOT NULL DEFAULT '',
  `suburb` varchar(255) NOT NULL DEFAULT '',
  `state` varchar(255) NOT NULL DEFAULT '',
  `postcode` varchar(255) NOT NULL DEFAULT '',
  `country` varchar(255) NOT NULL DEFAULT '',
  `username` varchar(255) NOT NULL DEFAULT '',
  `password_sha256` text NOT NULL,
  `registration_token` varchar(255) NOT NULL DEFAULT '',
  `avatar` varchar(255) NOT NULL DEFAULT 'avatar.png',
  `is_registered` int(11) NOT NULL DEFAULT '0',
  `is_paid` int(11) NOT NULL DEFAULT '0',
  `is_test` int(11) NOT NULL DEFAULT '1',
  `membership_id` int(11) NOT NULL DEFAULT '0',
  `profile_id` int(11) DEFAULT NULL,
  `current_salary` int(11) NOT NULL DEFAULT '0',
  `geo_territory` varchar(32) NOT NULL DEFAULT '',
  `ipv4address` varchar(16) NOT NULL DEFAULT '',
  `first_joined` date NOT NULL,
  `last_seen` date NOT NULL,
  `last_valdiated` date NOT NULL,
  PRIMARY KEY (`id`),
  KEY `c8_user_ibfk_2` (`profile_id`),
  KEY `c8_user_ibfk_1` (`membership_id`)
) ENGINE=InnoDB  DEFAULT CHARSET=latin1 AUTO_INCREMENT=105 ;

--
-- Dumping data for table `c8_user`
--

INSERT INTO `c8_user` (`id`, `first_name`, `last_name`, `full_name`, `email`, `mobile`, `house_unit_number`, `street`, `suburb`, `state`, `postcode`, `country`, `username`, `password_sha256`, `registration_token`, `avatar`, `is_registered`, `is_paid`, `is_test`, `membership_id`, `profile_id`, `current_salary`, `geo_territory`, `ipv4address`, `first_joined`, `last_seen`, `last_valdiated`) VALUES
(1, '', '', '', 'admin@certific8.com', '', '', '', '', '', '', '', 'admin', '$2a$13$N/GirTqOZ6NIkT7SXZosaef//gTFvSwz2kN4Pb0Sh0WFOFWW.WmrW', '', 'Penguins.jpg', 0, 0, 1, 9, NULL, 0, '', '', '0000-00-00', '0000-00-00', '0000-00-00'),
(4, 'Isabell', 'Paucek', 'Skye Hessel', 'crath@gmail.com', '1-430-627-5032x821', '59777', 'Jordan Crossing', '403 Raynor Viaduct', 'Alaska', '77525-3739', 'Czech Republic', 'dereck.tromp', '0bd30f64b6c8b48ca498a4a81dbd5498f0422fae3a176e752f061055699f818a', '3f8dce15615bab7e571abe644755a18f62cd1365', 'avatar.png', 0, 0, 1, 9, NULL, 0, 'Marshall Islands', '95.107.233.135', '2009-12-25', '1986-06-24', '2009-03-17'),
(5, 'Marilou', 'Wintheiser', 'Lonzo Reichel', 'myles.kohler@gmail.com', '203-721-2234x94091', '9905', 'Jacey Rapid', '58517 Saige Overpass', 'Iowa', '15799', 'Guernsey', 'eichmann.luz', '3b0fa125df7b74874c1940cf55245857cc09288a03be316eda12eb2da9ff800c', '37af6c30f754bee7b8c39fa0344ee6c10159d79f', 'avatar.png', 0, 0, 1, 9, NULL, 0, 'Tanzania', '150.60.183.125', '1970-03-20', '2003-02-17', '1976-12-24'),
(6, 'Dane', 'Dibbert', 'Prof. Lance Emard', 'so''reilly@coleerdman.com', '513-053-3738x77718', '5220', 'Parisian Square', '6345 Vivianne Loop', 'Ohio', '15838-1949', 'Angola', 'dkassulke', '5269f5afb294423ea320c4b5be608345b480a42a50d9659798c04a9fd7204e32', '209b69ebbd9260786eb2d5a044acd4424fa134ef', 'avatar.png', 0, 0, 1, 9, NULL, 0, 'Saint Barthelemy', '168.27.22.23', '1985-05-01', '2001-05-22', '2006-08-09'),
(7, 'Daija', 'Greenfelder', 'Tatum Goyette', 'clark.schroeder@klingmarquardt.biz', '924-056-7806x5227', '096', 'America Prairie', '08866 Hilll Crest Apt. 253', 'Texas', '64035', 'France', 'skiles.gillian', '9b99bf5f820c58d0cabc0fae5cfa595e52bdc3caa4652a52a973e681a854e290', '232a4cd10c574b5965978bf20108822f7fe804e1', 'avatar.png', 0, 0, 1, 9, NULL, 0, 'Svalbard & Jan Mayen Islands', '92.136.184.8', '2004-03-28', '1994-02-26', '1988-11-28'),
(8, 'Kelly', 'Connelly', 'Beverly Mosciski', 'qgreenfelder@yahoo.com', '355.180.5140', '0317', 'Schuppe Springs', '21498 Reilly Lock Suite 482', 'Nebraska', '36133-9543', 'Mali', 'kohler.dayton', '2652334ecd8f1bd4c050ec2da364c213d00b1b293b381b7edfc8c163c4cef3af', 'a6b35736c3ba5144a4602e6228890ee4502ca8e8', 'avatar.png', 0, 0, 1, 9, NULL, 0, 'Netherlands Antilles', '122.142.165.64', '1976-10-30', '1976-12-27', '2003-03-17'),
(9, 'Joyce', 'Bayer', 'Dr. Abdiel Auer', 'wava73@hotmail.com', '597-197-9081x0351', '426', 'Parker Groves', '47544 Lueilwitz Ports', 'Maine', '34184-3159', 'Kyrgyz Republic', 'mcartwright', '34a38f07de560a49914ab4c69b85c7116664f24cc458f5bc81d18f7613db2f9c', '986c4f36a277950d5450a6359b40ce0a9d0a21a2', 'avatar.png', 0, 0, 1, 9, NULL, 0, 'Saint Martin', '153.163.231.27', '1985-02-20', '2005-03-21', '1972-10-06'),
(10, 'Alexys', 'Mertz', 'Amanda O''Kon', 'gleason.jordi@rau.com', '1-041-318-4458x491', '499', 'McGlynn Square', '231 Kovacek Trail Suite 245', 'New Jersey', '85696-4466', 'Lebanon', 'irwin08', 'ec2e1bf86cde6a8c67c270b538b5b7d357358a43c5a727f9973b69a59fc64641', '3f864162b5f93268c09ef583ced5fc95d3e9fa18', 'avatar.png', 0, 0, 1, 9, NULL, 0, 'Comoros', '146.135.132.32', '1997-07-03', '1998-12-11', '1989-10-02'),
(11, 'Allene', 'Pagac', 'Casimir Trantow', 'cathryn38@gmail.com', '886.645.8060x80316', '5068', 'Casper Skyway', '404 Nova Fords', 'Utah', '98141-0657', 'Costa Rica', 'erdman.eriberto', 'fa75c25b4fabecd6df49b878eede89aaf4d111929009ef6ef950339d0ccedb82', 'bb317b8c3916b114e61e342e0c1608b6e3124d6b', 'avatar.png', 0, 0, 1, 9, NULL, 0, 'Palau', '140.58.94.48', '1982-11-27', '1980-12-04', '1975-12-19'),
(12, 'Gabe', 'Koss', 'Mrs. Tiffany Daniel', 'syble.cronin@rogahnspinka.biz', '317.956.8268x1831', '059', 'Doris Light', '2223 McLaughlin Brook Apt. 254', 'Wyoming', '26940-1143', 'Trinidad and Tobago', 'nikki.dickinson', '848121d5066153e1e5b2a52dd31d9aef035ef29752ffc80d5044912b8a213c0b', '7409f336b55e6f42c7f7a0b004776126ffb9cb10', 'avatar.png', 0, 0, 1, 9, NULL, 0, 'Finland', '66.174.110.148', '1972-05-16', '1984-03-27', '1996-08-06'),
(13, 'Herman', 'Lubowitz', 'Mary Kuvalis', 'meda42@gmail.com', '1-768-066-1139', '841', 'Smitham Well', '1764 Ward Ramp Suite 883', 'New York', '09367-2533', 'Germany', 'isaias79', '7df406402daf5c1ae5cb2b14d87c5c436cba9954b2e0d497ff5b339b0643d5f8', '9bf1b8fb8ddd3bd2d30f1d2ea2da23042f210e37', 'avatar.png', 0, 0, 1, 9, NULL, 0, 'Senegal', '188.42.221.238', '1974-06-07', '1983-09-19', '1983-11-17'),
(14, 'Roxanne', 'Gorczany', 'Prof. Jeffrey Kohler', 'kris.jewel@ferry.biz', '1-140-577-7495', '48708', 'Katlyn Turnpike', '06493 April Groves Suite 386', 'Hawaii', '63042-0355', 'Norway', 'alden25', '92133bbe331f5a320e17a6dd8ca0c05fdc3ac338b0a1f075321630915994035a', '7eeeab4ca7f6c4388ca160224034b7d2d46c1271', 'avatar.png', 0, 0, 1, 9, NULL, 0, 'Jersey', '220.24.215.28', '1997-05-18', '2007-07-01', '2003-01-23'),
(15, 'Eloise', 'Simonis', 'Keenan Becker', 'mwalker@hagenes.org', '915-511-9475x5619', '28660', 'Shanon Falls', '2810 Braeden Walks Apt. 782', 'Nevada', '83003', 'Mauritania', 'ekertzmann', '9a4ba5fedbff59b68ad624ea0665bec1f542dabeb3927f89368d25948f64d1ca', 'bce91404847024817ab8945fb69ccf7edb932014', 'avatar.png', 0, 0, 1, 9, NULL, 0, 'Rwanda', '180.191.228.192', '1978-09-04', '2001-10-24', '2000-05-28'),
(16, 'Josue', 'Flatley', 'Mrs. Lauryn Senger', 'kendrick.kunze@yahoo.com', '125-823-0387x526', '883', 'Wisoky Wells', '83780 Aryanna Neck Suite 332', 'Colorado', '25354', 'Gambia', 'langworth.geovanny', 'efc78766b2c317bdf812afaa6453d7f1047b81903b24fe608e55b8818e424c65', '6eb0134e3bf6f07a737d2e6f4edd0f26b8140b45', 'avatar.png', 0, 0, 1, 9, NULL, 0, 'Saint Kitts and Nevis', '117.253.49.140', '2001-02-28', '1983-05-25', '2013-04-30'),
(17, 'Garrick', 'Zieme', 'Blaise Keeling', 'estel06@sporercarter.org', '627.889.8964x538', '12101', 'Erick Brooks', '30836 Adrain Pines Apt. 696', 'Alabama', '95179-6026', 'Vietnam', 'carey05', 'd266a72af3e92252045cc3d4e72cc07e6c161097fac8fa4c2c57b1094d7829a9', '2a72ab4d788d404a99a8db2c28522926f6c5f25c', 'avatar.png', 0, 0, 1, 9, NULL, 0, 'Bouvet Island (Bouvetoya)', '69.37.253.217', '1978-08-14', '2003-12-16', '2008-02-19'),
(18, 'Mafalda', 'Bergnaum', 'Melissa Koch II', 'bessie.rice@hotmail.com', '662-365-3101', '046', 'Daphne Stream', '1783 Sam Springs Suite 627', 'Rhode Island', '67610', 'Taiwan', 'vstroman', 'c8a2df5e5bd73c7628d5a7022fc2eafb951a14be9f3bce1f750d7ff19f9af4cd', '2eed58e599f0fcbfaebd9f75cedab609db2cdc90', 'avatar.png', 0, 0, 1, 9, NULL, 0, 'Georgia', '168.125.129.26', '1971-10-11', '2006-07-10', '1972-05-23'),
(19, 'Emely', 'Nader', 'Harmon Jakubowski Jr.', 'emilia.champlin@hotmail.com', '(388)080-2473x8121', '9273', 'Rolfson Curve', '132 Daniel Mount Apt. 307', 'Georgia', '87101', 'Kenya', 'atrantow', '8bf0401fddbe8edf473931065cb579bd196b03ce6562f1bbb61c52f8be505035', '44e8769cb9fde0eb4dd6735a219b7219b2bfc0bf', 'avatar.png', 0, 0, 1, 9, NULL, 0, 'Belgium', '18.119.91.154', '1998-12-24', '1984-09-23', '1977-03-07'),
(20, 'Clinton', 'Mayer', 'Jettie Lemke', 'obotsford@hotmail.com', '830.548.2741x8727', '438', 'Rolfson Lights', '0028 Green Stream', 'Iowa', '68411-4781', 'Mozambique', 'dudley.mcdermott', 'c9383f5705e0f0cd602567e3e3054362ad973c9604807b82bc10d65e71e023f5', 'd48028ab8354520fc359615a69565094cd71d606', 'avatar.png', 0, 0, 1, 9, NULL, 0, 'Palestinian Territory', '51.228.198.54', '1977-03-19', '1976-01-22', '1978-08-24'),
(21, 'Grady', 'Wehner', 'Gayle Block', 'brannon37@schiller.com', '(153)627-3360x6980', '565', 'Cary Lodge', '882 Abbott Place', 'Nebraska', '31989', 'Djibouti', 'dean.jakubowski', '0bc8adba90573f7ae178699cd4b85c4e24b5d6196f7a9a3280b0297a7d4c499f', 'd5addb563cd0cd14240da1c5e3f207cd87319706', 'avatar.png', 0, 0, 1, 9, NULL, 0, 'Puerto Rico', '192.211.254.196', '1996-02-20', '2013-12-23', '1996-07-26'),
(22, 'Albertha', 'Aufderhar', 'Prof. Graciela Stark', 'beahan.paolo@hotmail.com', '004.612.9349x2516', '18560', 'Emery Dale', '4946 Hyatt Plain Suite 415', 'Maine', '47741-5227', 'Qatar', 'ubartoletti', '7f16e5407f331a75841897f189fb3cff5b52f4ac082fad06727c42bab46e7314', 'a9143e50f6162ea4d27383e6c671654fec81e65f', 'avatar.png', 0, 0, 1, 9, NULL, 0, 'Tunisia', '121.167.151.110', '2005-11-08', '1991-02-23', '2008-06-12'),
(23, 'Nasir', 'Murray', 'Braden Doyle', 'eschmitt@kingcartwright.com', '+03(3)5168742550', '80330', 'Bernier Valleys', '056 Feeney Viaduct', 'Tennessee', '57505', 'Netherlands Antilles', 'feeney.irma', '8cc9b8b6e24bcad88787c7a6dfe7111e1ae5047391943a1928ad81dbe5eec1f1', '11eca31387cf90ed4ff23a5b562d3845ca48b528', 'avatar.png', 0, 0, 1, 9, NULL, 0, 'Taiwan', '224.126.255.176', '1976-06-18', '1994-06-04', '1995-10-17'),
(24, 'Scarlett', 'Stokes', 'Dr. Conor Stanton DDS', 'hoeger.reyes@carter.com', '(885)463-4287x968', '7067', 'Cremin Knoll', '04422 Derrick Heights', 'Rhode Island', '95663', 'Antarctica (the territory South of 60 deg S)', 'trinity.herzog', 'b783fa361342bc96780c1aace52a82afd77f4217914f9020b53a9f18eb3b8419', '815d53e39b8090e66b54d7075da37a82c2ba5b64', 'avatar.png', 0, 0, 1, 9, NULL, 0, 'Japan', '178.43.37.153', '2008-01-26', '1990-08-24', '1975-12-15'),
(25, 'Leanne', 'Cummings', 'Adriana Ebert', 'uriah.lindgren@cremin.com', '394.924.8038', '2514', 'Ward Throughway', '011 Norene Trafficway', 'North Dakota', '98993', 'Guinea', 'valerie23', '2dbed869c86acaebf94ed7aa992f2a71fe0722af152c6eb0fae42f23d15b27ad', '4135f7fc63fa5b8d015c09c9b43cbeaee0291c8c', 'avatar.png', 0, 0, 1, 9, NULL, 0, 'Somalia', '171.116.76.179', '1986-04-23', '1994-03-21', '1987-01-04'),
(26, 'Arnaldo', 'Farrell', 'Maynard Metz MD', 'brianne.ritchie@gmail.com', '1-086-604-4067x818', '64327', 'Gislason Track', '5244 Keith Isle', 'North Dakota', '62018-8367', 'Lithuania', 'lbergnaum', '68c38070e2374c24b9aaa79a7f7a23c4ac24568ea0719b1f5607aa30a416d2d5', '33e22291b0809f914b6f43e9213735c3d64b0264', 'avatar.png', 0, 0, 1, 9, NULL, 0, 'Luxembourg', '134.39.15.175', '1974-01-09', '1994-11-23', '1971-03-04'),
(27, 'Kacie', 'Wintheiser', 'Zoey Ortiz', 'lueilwitz.hosea@bartoletti.com', '236.251.4009', '525', 'Rowe Summit', '207 Hamill Fields Suite 244', 'Ohio', '44760-8127', 'Botswana', 'jaiden.schumm', 'dd81c26f33cdba7c3e3fa1f751e6aade6d2f48b011946f8e602ccadb39964de5', '9a537484907349adba35acbf5bb8f470b2299c98', 'avatar.png', 0, 0, 1, 9, NULL, 0, 'Bahamas', '171.200.81.98', '1993-08-16', '1989-07-15', '1997-03-10'),
(28, 'Percival', 'Pacocha', 'Maurine Mayer', 'kuhic.davonte@gmail.com', '689.329.3591x10010', '284', 'Champlin Bypass', '6457 Schneider Lodge Suite 022', 'Connecticut', '17800', 'Cocos (Keeling) Islands', 'xfritsch', '34d3c7e9be7d7b42d1ebbde3e97583608987917a06a502e8250bc9dca3c66600', '0387fbe0777c4ed12afb2f5b8ac89f8dc054ac2a', 'avatar.png', 0, 0, 1, 9, NULL, 0, 'Austria', '38.55.176.105', '1982-08-09', '1999-10-21', '1971-04-29'),
(29, 'Ramiro', 'Dach', 'Veda Grant', 'nigel.cole@yahoo.com', '619-366-3249x87305', '226', 'Christop Trafficway', '200 Boyle Crest', 'Minnesota', '53922', 'Latvia', 'jamal.turcotte', 'a3b280b8aeb0c9783da6e0130e1cb0253b6350c10bfc848538d97d2b0e1a2e9f', '879689a00c655fb85c61a1692a8a81858d27cdfe', 'avatar.png', 0, 0, 1, 9, NULL, 0, 'Chad', '73.59.211.18', '1982-11-27', '2012-09-06', '2006-11-13'),
(30, 'Vince', 'Zboncak', 'Shanel Kertzmann Sr.', 'price.akeem@yahoo.com', '(576)964-6633x2558', '0472', 'Howell Rapid', '844 Jones Roads', 'Arizona', '81031', 'Falkland Islands (Malvinas)', 'lelah68', '7341f5e4ee9f1c14494fa4e53d39294e45ba09347d7c94059ba81af5693c6ea4', '41508407461e515d7de4f77240540c4330c19a43', 'avatar.png', 0, 0, 1, 9, NULL, 0, 'Saint Vincent and the Grenadines', '215.49.58.60', '1971-12-24', '1990-06-21', '2005-10-26'),
(31, 'Kenyon', 'Cummerata', 'Adrianna Ankunding', 'kailey.o''conner@larson.com', '757-466-6532x59494', '8138', 'Dayne Passage', '34133 Herzog Garden Apt. 371', 'Massachusetts', '41160', 'United States Virgin Islands', 'awisoky', '5c971250b514701c7c6310937c70b2841dc9556ffa9c4b8057b35629e442252b', 'fe2eebc30f5256f806aca1d8c86a78b718f207db', 'avatar.png', 0, 0, 1, 9, NULL, 0, 'South Georgia and the South Sand', '88.129.47.198', '1997-04-30', '2006-08-26', '2007-05-03'),
(32, 'Mckenzie', 'Frami', 'Ellen Carroll', 'marvin.cheyanne@hartmannoconner.net', '426.649.2140x7781', '89936', 'Ruecker Spurs', '104 White Vista', 'Arkansas', '42322-4117', 'Saint Lucia', 'xborer', '004f84570b9887f3d7bd3c73d90521591bbec211e744ca2064ea9651dee5d149', 'fe8298a90c9cb70b6519809d20c3272ad76cd0af', 'avatar.png', 0, 0, 1, 9, NULL, 0, 'Myanmar', '162.182.221.19', '1993-11-04', '1981-10-25', '1997-12-11'),
(33, 'Kiera', 'Gutmann', 'Edythe Macejkovic Jr.', 'lindgren.meredith@kochkuphal.biz', '275-287-1968x5014', '3969', 'Muller Roads', '98814 Maude Meadows Suite 032', 'Massachusetts', '31537-9526', 'Norfolk Island', 'sspinka', 'd5859e1ea3fb6f818c31cbdf3d451b0bd9fb8d107327ad4951c8a0f46fafa7f7', '0b67e9a32bfdf0bc21e6b682af886057ce0ee24e', 'avatar.png', 0, 0, 1, 9, NULL, 0, 'Hungary', '150.19.35.216', '1975-05-30', '2005-05-27', '2008-11-05'),
(34, 'Jessica', 'Orn', 'Miss Hanna Brekke', 'mohammed28@cassinlangosh.com', '(534)527-5067x3904', '917', 'Beahan Prairie', '3475 Dibbert Rue Apt. 297', 'Maryland', '13374', 'Antigua and Barbuda', 'stephen.okuneva', 'b950b03b17c4ea4f4273be06845e30f10b352cd192a43159a8f8632a60e9ff7e', 'e7bbab1e0bd58e257c02c9b4c767b387017a7a31', 'avatar.png', 0, 0, 1, 9, NULL, 0, 'Congo', '50.180.73.191', '2000-09-30', '1981-03-05', '2012-01-13'),
(35, 'Donnie', 'Legros', 'Mr. Micah Jacobs Sr.', 'haley.adrain@watsica.com', '376-365-9773x04271', '15731', 'Klocko Islands', '8923 Terry Ports Apt. 578', 'Oklahoma', '69502', 'Dominica', 'jailyn.dicki', '1128235e78024a3507b6e1e34fbd7d3c62728b913d47b4965a941b2a196a27d9', '1e7263f0412d7d904d6e28ecf54082358f132d1a', 'avatar.png', 0, 0, 1, 9, NULL, 0, 'Estonia', '209.119.221.170', '1973-09-25', '2012-04-09', '1988-07-31'),
(36, 'Meaghan', 'Fritsch', 'Dr. Lenny Auer', 'tratke@yahoo.com', '03999471181', '6682', 'Elton Street', '58237 Riley Shoal Apt. 147', 'Maryland', '88695-8337', 'Togo', 'milton03', 'dbfa9842b60a2146cbaededcf08eb4bc6ecd7c6c1c2eaa7864d23db58a24a117', '8f6123ebd26b52c07dc577f1d60f92a37adaebf2', 'avatar.png', 0, 0, 1, 9, NULL, 0, 'Wallis and Futuna', '51.164.81.205', '1992-04-02', '2011-02-09', '1975-10-21'),
(37, 'Bernie', 'Lindgren', 'Nathanial Marquardt', 'abby.barton@yahoo.com', '1-256-518-1779', '1282', 'Legros Wells', '1523 Jillian Shore Apt. 874', 'New Jersey', '35248', 'Brazil', 'brent87', '3a972541e796bfc1537ac8583a9925edc64cf4a3ab4b66c5454d0f798b1d55bd', '83672774827df7406d2a5fd4e32e38a2671a8c2a', 'avatar.png', 0, 0, 1, 9, NULL, 0, 'Montserrat', '146.60.222.132', '2004-07-02', '1983-06-01', '1999-03-27'),
(38, 'Modesta', 'Rowe', 'Sonia Block', 'ijakubowski@moore.com', '649-674-3775x13570', '81461', 'Betsy Greens', '0122 Chelsey Valley', 'Nevada', '65163', 'Western Sahara', 'adolf40', '56efbc4547fdc9fa6998560e566f56b6b1f034a9e407d0e0528152e96f5022f8', 'b0d96042ef06f89c56167645f56b6bdb251844a1', 'avatar.png', 0, 0, 1, 9, NULL, 0, 'Haiti', '103.215.167.70', '1989-09-26', '1994-01-14', '1993-03-08'),
(39, 'Raymond', 'Kreiger', 'Raheem Oberbrunner', 'plehner@veum.com', '02244312884', '0515', 'Antoinette Spur', '602 Schuster Rapids Suite 057', 'Kansas', '90089-0152', 'Svalbard & Jan Mayen Islands', 'ara.runolfsson', '070cef0cdb18fb262515d83d9b05c51e7aaea53026aea200b83f0c4595175984', '838055084b8752f0c08357daa113d40529e90750', 'avatar.png', 0, 0, 1, 9, NULL, 0, 'Costa Rica', '53.187.169.213', '1985-05-30', '1980-01-09', '2001-09-05'),
(40, 'Henderson', 'Prosacco', 'Angelica Ritchie', 'cassin.anjali@hotmail.com', '+16(2)1767111869', '893', 'Nyasia Union', '9149 Gwendolyn Street Apt. 708', 'New Jersey', '16348-2709', 'Rwanda', 'clovis34', '79f8d066a86169c3dc103eb57ec9813de0433138445925c2c2999f29b72b84ec', '4073317aec972d50350c4add59ef15001055402c', 'avatar.png', 0, 0, 1, 9, NULL, 0, 'Turkey', '48.173.113.41', '1974-05-10', '1979-04-08', '1970-08-01'),
(41, 'Earline', 'Mills', 'Roxanne Veum', 'odessa.grant@gmail.com', '(984)465-5383', '9135', 'Morton Crest', '72449 Javier Plains Apt. 052', 'Utah', '85299', 'Solomon Islands', 'daniel.darius', 'f28b66a0e877874882764e795c52cfb4da566806152f72e1898b25bfd33aeef6', '97b3daf0df9e7a0fd936930d91b4d941280fc55d', 'avatar.png', 0, 0, 1, 9, NULL, 0, 'Saint Vincent and the Grenadines', '203.99.227.250', '2009-03-25', '1974-07-22', '1983-10-25'),
(42, 'Adelia', 'Brakus', 'Ismael Weber', 'fleta51@yahoo.com', '(920)870-9599', '517', 'Barton Common', '628 Kihn Terrace', 'Alaska', '69797', 'Tuvalu', 'ronaldo.towne', '2632f231d0958c461ac97b354814e6cd441d4ad749b7a4f3baf22510fe73d568', '7d848a7db6655b2431de48b897137082c984533f', 'avatar.png', 0, 0, 1, 9, NULL, 0, 'Svalbard & Jan Mayen Islands', '138.233.5.19', '1982-05-06', '1989-11-17', '2004-03-15'),
(43, 'Justine', 'McKenzie', 'Dr. Joe Leuschke', 'rmetz@hotmail.com', '027-377-6304', '81983', 'Marietta Spring', '063 Jovani Lodge Suite 749', 'Arkansas', '73953-8436', 'Swaziland', 'rcruickshank', '3dd8c25c658ff0154e8904420d0514a842a63b8cb9906215ddced5884f914f45', 'ab5e2a9c2d28c470b60fb2abbf4bf7871a4917df', 'avatar.png', 0, 0, 1, 9, NULL, 0, 'Puerto Rico', '38.175.167.10', '1986-03-01', '1981-02-21', '1999-01-28'),
(44, 'Norene', 'Kertzmann', 'Cleve Funk', 'bobbie.veum@yahoo.com', '846.397.0388', '551', 'Gabe Circles', '067 Mohr Fall', 'Iowa', '84218', 'Montenegro', 'nwindler', '0d731a818b11c9b19be1be9c346c2ec603bd282a3e8f8b84174e7924bc6143f4', '95b6ff28120b0520a057301c3e6104ae1cf7eb15', 'avatar.png', 0, 0, 1, 9, NULL, 0, 'Sweden', '225.255.123.124', '1984-10-04', '1974-04-15', '2012-10-02'),
(45, 'Haley', 'Gibson', 'Skye Collier', 'xavier54@hotmail.com', '760.538.9928', '79973', 'Mante Common', '22443 Darwin Ports Apt. 827', 'Montana', '03518', 'Australia', 'bertram20', '9bb679d92be92e6213276c02ba8ec500793c64e5368d03cd906003bdfb26feb1', 'e1d910c746abd9aacd59befa2b89ca733470538a', 'avatar.png', 0, 0, 1, 9, NULL, 0, 'South Africa', '37.45.249.156', '1997-09-07', '1978-07-26', '1973-11-22'),
(46, 'Fiona', 'Douglas', 'Audra Kohler', 'theron74@walker.com', '676-988-8767', '0217', 'Schimmel Loop', '0278 Margot Curve Apt. 049', 'Florida', '60906-2409', 'Belarus', 'vlittle', '1fdfeb97db774b06a82ba02d271d10aa8f6ca5ac819752494f9a2353a7bbf8a9', 'ee88fb03a868967973213095492ca5106a5811e0', 'avatar.png', 0, 0, 1, 9, NULL, 0, 'British Virgin Islands', '205.181.145.187', '2000-06-26', '1990-10-08', '1983-10-09'),
(47, 'Ottis', 'Heathcote', 'Prof. Keely Carroll PhD', 'marvin.hope@hotmail.com', '069.542.5394', '156', 'Gusikowski Fork', '85376 Stanton Drive', 'Florida', '26306', 'Rwanda', 'wilkinson.estefania', '41b560aeaf693c2909d63be1ff95b854e56c270c882f0cbb9f65c5acd0b44720', 'ec3e1aec851479188eaceffee3ef7797ae6e36e6', 'avatar.png', 0, 0, 1, 9, NULL, 0, 'Central African Republic', '15.218.121.86', '1993-03-07', '1998-06-12', '1999-10-10'),
(48, 'Jabari', 'Hansen', 'Presley Ward', 'otis38@gislasonschinner.com', '(544)601-9497', '79671', 'Aufderhar Bridge', '14792 Hagenes Mountains Suite 846', 'New Mexico', '54535', 'Monaco', 'patience.feil', 'a541940a9e1a642094330eea1119bca6824ed4589b41b32d7d1b3f9f4c9e5a97', 'e1363da74f2abc3398e51d6cfa7c8a529675136b', 'avatar.png', 0, 0, 1, 9, NULL, 0, 'Colombia', '206.97.235.45', '1993-03-15', '1981-02-05', '1989-06-06'),
(49, 'Noe', 'Pouros', 'Darion Johns PhD', 'sister.robel@carter.com', '08884664426', '10019', 'Larson River', '71456 Jenifer Circle Suite 901', 'Indiana', '28281-8364', 'Puerto Rico', 'rey16', '81f6cbe32ca89bc4db2e7b2a77781d7c6d9c2fe502c98d4d995e4cd12d05461d', 'b287d741cf47733288221efb98b157363be1476f', 'avatar.png', 0, 0, 1, 9, NULL, 0, 'Belarus', '197.175.243.120', '2009-01-22', '1995-03-25', '2009-06-24'),
(50, 'Barney', 'Spencer', 'Wilton Ruecker', 'pturner@gmail.com', '628.393.4929x728', '38047', 'Jonatan Row', '02711 Matilde Harbors Apt. 060', 'Arizona', '61573', 'Latvia', 'zulauf.brenda', '05d4b69d09834fb2cf4ce84297cc39e47dd0165e1f486cd6483bc21dcd648a05', '06fee206ebcc60d0cd7745444b3547fe3970d645', 'avatar.png', 0, 0, 1, 9, NULL, 0, 'American Samoa', '109.54.135.171', '1999-08-04', '1987-02-03', '1986-10-31'),
(51, 'Ernie', 'Olson', 'Mrs. Pauline Boehm V', 'kozey.ayla@hotmail.com', '1-546-884-3185', '10891', 'Ellis Rue', '04383 Hortense Drive Apt. 628', 'Alaska', '76237', 'Tuvalu', 'borer.neha', '48ecc8cb96079a41fa325475a98a02a078c5bf5a99e33e11e0801e8370fb407b', 'e36b2b609ee160f6ade5c9175b28004973150dc3', 'avatar.png', 0, 0, 1, 9, NULL, 0, 'El Salvador', '98.232.31.56', '1970-07-11', '1975-09-27', '1997-09-29'),
(52, 'Chloe', 'Gaylord', 'Prof. Ezequiel Watsica II', 'o''conner.shawna@rippin.com', '903-206-8561', '53770', 'Bogisich Lights', '394 Trantow Burgs Apt. 815', 'South Dakota', '98535', 'Niger', 'hilll.alanna', '5ca8c34f194b2fa95f036f31d0421cbbb61aa49730f3b2ddba1ac1cd30599e91', '6b83539df5c804b25438b8e37e9ca8ea5ef5b17e', 'avatar.png', 0, 0, 1, 9, NULL, 0, 'Malaysia', '107.129.152.152', '1985-05-19', '2002-05-21', '2010-09-07'),
(53, 'Demetris', 'Cummings', 'Prof. Whitney Johnson', 'macejkovic.katarina@wisoky.com', '524-652-6037x1024', '864', 'Hellen Plaza', '93030 Wolf Meadow', 'Washington', '51684-3342', 'Tuvalu', 'schimmel.abel', '70487eee71fc360465210482cac47bb88c0ce2075ce0e89f5179471cfb26a462', '8b4117e9d5ffd09ca0d2cdf72dad1aa572c9afb2', 'avatar.png', 0, 0, 1, 9, NULL, 0, 'Solomon Islands', '228.197.35.100', '2008-12-05', '2006-10-12', '2007-08-18'),
(54, 'Jettie', 'Kihn', 'Maxwell Denesik', 'sheridan09@ondrickablock.com', '922-064-6291', '98291', 'Buford View', '81064 Kaycee Drives Apt. 999', 'Louisiana', '95431-4019', 'Hong Kong', 'jacobs.marjolaine', '641820735538ba98560d6544be23435d7e9856f7290f34225eeb0bdef920f6bd', '3a2f9b7b03a2d29c870e3dd1928ddcfbee5f38d0', 'avatar.png', 0, 0, 1, 9, NULL, 0, 'Albania', '117.161.247.117', '1997-04-02', '1995-09-13', '2010-07-04'),
(55, 'Zack', 'Larson', 'Dr. Abelardo Homenick MD', 'jstamm@harber.biz', '02899633168', '18049', 'Kiana Rue', '264 Blick Overpass', 'Indiana', '66925', 'Switzerland', 'hauck.madonna', '3a586f2aee52a48d74a00e816586ec49d34392230d748a6eb2753c6b69d5f174', '389ced3ecd0471f57f4e9be015677c973b3f651e', 'avatar.png', 0, 0, 1, 9, NULL, 0, 'Bahrain', '145.54.220.177', '1999-04-29', '1974-08-01', '1976-02-15'),
(56, 'Mariane', 'Schultz', 'Janelle Hayes', 'aheller@yahoo.com', '1-828-171-1494x621', '63302', 'Jake Spring', '7401 Durgan Rapid', 'Nevada', '06829', 'Vietnam', 'koss.queen', '825dbbfe1e5a0b96530a8bb219d3e2183c526e02150ebb245b4a2be86c30aacb', '9c77db0771af80483c7f22a674c624b22b7d0174', 'avatar.png', 0, 0, 1, 9, NULL, 0, 'Senegal', '49.20.41.217', '1974-12-19', '1970-03-15', '2001-11-29'),
(57, 'Craig', 'Bahringer', 'Enrique Koelpin', 'hintz.shanny@hotmail.com', '578-092-8103x902', '052', 'Bergstrom Mills', '33207 Smith Groves Suite 689', 'Ohio', '45355-3331', 'Madagascar', 'haley.hipolito', '61c6da5febbabdb072ed03370ea31081fb5ab3f9138ad88f3d76ecca0d2ce6f6', '425d02d0554b537b98cdfadd7b13d1f153966112', 'avatar.png', 0, 0, 1, 9, NULL, 0, 'Estonia', '78.183.172.234', '2009-11-26', '1976-09-15', '1970-12-07'),
(58, 'Kristoffer', 'Smitham', 'Prof. Julianne Dietrich', 'cledner@yahoo.com', '742.991.6093', '217', 'Gregg Fork', '926 Flatley Prairie Apt. 409', 'Nebraska', '15492-4487', 'United States Minor Outlying Islands', 'ambrose47', 'd2cb905107b2bdee28980ca280537408fa7cada8524a0b06d2a14d2d728c10cf', '89b548f98505a435ce8ac32f2fe5ba51cb049c74', 'avatar.png', 0, 0, 1, 9, NULL, 0, 'Philippines', '244.169.91.176', '1972-02-11', '1979-09-16', '1998-10-02'),
(59, 'Zena', 'Lehner', 'Mr. Jayde Mertz II', 'ruecker.murphy@gmail.com', '(245)404-4123', '073', 'Kautzer Inlet', '2520 Harris Wall Apt. 225', 'Michigan', '51271', 'Qatar', 'ucronin', 'ca3b68019532cf957465d390ff61fcf38877c0904cae4beac0d2537b6e760408', '620b6bb4de24ee44ada447519b847582b6a4647f', 'avatar.png', 0, 0, 1, 9, NULL, 0, 'Bangladesh', '121.92.113.39', '1990-05-18', '2014-08-15', '1990-05-24'),
(60, 'Angela', 'Nikolaus', 'Floy Runolfsson', 'shyann.howell@schuster.info', '1-251-901-0638', '2912', 'Ullrich Lane', '9591 Madisen Ford Suite 958', 'Iowa', '63670', 'Aruba', 'mcglynn.augustus', '7ebe4fc3435e2516003ef990af563ca413ffd01c07597386983595e19ac129e0', '8ab8d9c7e1538afbd291529d5ba25833daccc46e', 'avatar.png', 0, 0, 1, 9, NULL, 0, 'Christmas Island', '81.142.115.249', '1982-11-09', '2012-01-03', '1982-12-14'),
(61, 'Kaci', 'Dietrich', 'Miss Flossie Parker', 'joana.lakin@yahoo.com', '(607)000-6615x820', '7400', 'Leopoldo Shores', '8476 Fahey Coves', 'Wisconsin', '63519-2868', 'Ghana', 'harber.ubaldo', '3205f01c30b04bbbfc6da8ff6aede32e30b6fd3064bf7773641eb217a4473ae9', 'cdfda45c810f46b69b125c247fd695c7d02d0437', 'avatar.png', 0, 0, 1, 9, NULL, 0, 'Slovenia', '193.76.82.1', '1985-12-11', '2012-07-30', '1996-03-23'),
(62, 'Hermann', 'Schmidt', 'Mrs. Rebecca Parisian', 'rhiannon.mann@hotmail.com', '448-985-7832', '50610', 'Jan Hills', '71218 Tillman Prairie Suite 636', 'Michigan', '27797-3035', 'Saint Pierre and Miquelon', 'edison.maggio', '986ed0f02a7efedb62ba68a390b26a845158390dc6749f450df4ca42161ee76a', 'c02ab2ed5444816c84a522efce4835a891148df1', 'avatar.png', 0, 0, 1, 9, NULL, 0, 'Liberia', '168.163.168.178', '1981-09-05', '1978-01-06', '2009-05-09'),
(63, 'Tobin', 'Will', 'Mrs. Twila Hand', 'walsh.gustave@gmail.com', '146.501.9350x408', '4038', 'Ratke Roads', '367 Aiyana Turnpike Suite 460', 'Delaware', '98472', 'Peru', 'lisa45', '4fa89de1088656d3c8427ab19ab9bf809f47dff6259a978ad7378109f77ae0b4', '5836d632f5329b0959503e2b346af7f533f87c5c', 'avatar.png', 0, 0, 1, 9, NULL, 0, 'Niue', '38.142.188.30', '1988-10-03', '2004-10-14', '2011-09-17'),
(64, 'Arvid', 'Schowalter', 'Ms. Autumn Kling', 'hilbert16@stanton.info', '1-597-141-0810', '716', 'Keagan Ridge', '84815 Leonor Ridge', 'South Dakota', '51211-8281', 'Hong Kong', 'howe.ava', 'd306a273d974e10fc75a52f269d276100f4e01b68ed76b5f47a15fc85f111a06', '51163bc7b0ba1b516c0d9cb25200fb169453dced', 'avatar.png', 0, 0, 1, 9, NULL, 0, 'Seychelles', '111.114.109.128', '1981-05-23', '2000-04-16', '1976-07-12'),
(65, 'Jeffrey', 'Kohler', 'Gina Kulas', 'lavon26@harris.com', '114-807-4567x3224', '72400', 'Mueller Stravenue', '20263 Green Alley Suite 300', 'Minnesota', '04286', 'Burkina Faso', 'marina.bechtelar', '405fa5e5673d55fdf86675ae5cb1edffb6c76fba931a709573a2629fc77f3e45', '5ab3ba0d64cc1b8be1b7369e33defddc8cb24d59', 'avatar.png', 0, 0, 1, 9, NULL, 0, 'American Samoa', '7.49.206.34', '1975-09-08', '1970-10-24', '1990-07-19'),
(66, 'Luis', 'Veum', 'Justus Dach', 'etha.nienow@gmail.com', '994.809.0964x3363', '99619', 'Savanna Place', '8340 Kihn Ways', 'Pennsylvania', '81043', 'Peru', 'walsh.kayley', '5459babbefc4ea303653dfcb440471de5ce3e5701d6378ffdf63e368fd2ce3e4', '53e780aa63cbb66c259e853f254e8f12614bfb30', 'avatar.png', 0, 0, 1, 9, NULL, 0, 'Cayman Islands', '132.244.31.39', '2005-11-22', '1972-10-21', '1979-02-12'),
(67, 'Jazlyn', 'Klein', 'Quincy Collins', 'trodriguez@hotmail.com', '034.746.0973', '071', 'Kianna Villages', '060 Flatley Lane Apt. 065', 'California', '54349', 'Paraguay', 'mueller.kiara', 'f3db0036c90020dc4d524effc637f4b25cd48deafa3fcc19623487f5b88dd2a7', '07061298f577f4efbdd182b7c48a8af859719368', 'avatar.png', 0, 0, 1, 9, NULL, 0, 'Estonia', '81.231.82.125', '2012-10-02', '2001-10-15', '1991-04-03'),
(68, 'Cathy', 'Schmidt', 'Kristofer Weissnat', 'effertz.austin@gmail.com', '(351)715-7613', '182', 'Anissa Inlet', '021 Lonnie Inlet', 'Texas', '81326', 'Anguilla', 'karolann45', '066b5fc76b258076f815de7b6f34c8c05b5659dad8ab7cd9a7ce6d77ba056cfe', 'ef2dbdf1fbf026403c06987d822786371767241b', 'avatar.png', 0, 0, 1, 9, NULL, 0, 'Saint Martin', '90.12.57.126', '2012-10-18', '1972-06-10', '2008-12-17'),
(69, 'Lesley', 'Wilderman', 'Electa Lindgren I', 'glennie28@becker.net', '697-882-4725x82805', '5687', 'McDermott Greens', '2099 Durgan Lights Apt. 671', 'New Jersey', '96193', 'Benin', 'abigale87', '5cfdfe854b9e0b34acbe98054a17377ff45b0a2f434f8692667e3171da769baa', '575082870b8817811a658f6ac722e9491230578e', 'avatar.png', 0, 0, 1, 9, NULL, 0, 'Japan', '72.191.208.43', '1973-12-19', '1978-01-07', '2011-10-03'),
(70, 'Eleonore', 'Nicolas', 'Prof. Allan Swaniawski IV', 'josianne67@doyle.com', '(309)032-1786x423', '34582', 'Rhoda Trafficway', '971 Jo Corners', 'Nebraska', '40519', 'Gabon', 'rklein', '504570f1bf0b202f81572c0a4d2b8238facec0baa4c925109051f78a79ce975c', 'e80302be555bcbc1ece816734d839daffb63ff94', 'avatar.png', 0, 0, 1, 9, NULL, 0, 'Malaysia', '28.156.171.91', '2014-04-10', '1992-08-22', '2010-02-14'),
(71, 'Ethel', 'Borer', 'Prof. Hailey Runolfsdottir PhD', 'ulowe@parkerlueilwitz.org', '753-401-9995x58570', '5740', 'Block Causeway', '59872 Shields Causeway', 'District of Columbia', '04624-0649', 'Finland', 'prohaska.oma', '78c4803c083d32883d1d8fb6cfb88a98ab282229eea0301b55e35b4aa70a5e97', '2c7edb2d6dd7830cfe8cafd51b9d59b01aa765e5', 'avatar.png', 0, 0, 1, 9, NULL, 0, 'Belarus', '37.153.115.153', '1991-08-30', '2013-06-03', '1972-11-20'),
(72, 'Hermann', 'Bruen', 'Lew Kirlin Sr.', 'white.fabiola@yahoo.com', '827-580-8090', '2258', 'Gibson Bypass', '6300 Blanda Haven', 'Wyoming', '18129', 'Ireland', 'ndickens', '1f79683a7c5c22142e2e5a3ee963820b52258ee551aa3f1d488fb8325ba2e236', '20010d553dcd8e81592deb78b15bf39bdfe23480', 'avatar.png', 0, 0, 1, 9, NULL, 0, 'Korea', '224.225.201.127', '2004-02-14', '1983-09-08', '1983-12-04'),
(73, 'Theresia', 'Conn', 'Leonel Reinger', 'pdicki@rauullrich.com', '571-684-4691x19821', '084', 'Kertzmann Tunnel', '58492 Stehr Tunnel Apt. 345', 'Massachusetts', '86338-9079', 'Panama', 'meggie52', '5a7c912fa5432a5150a5294f6d3d87b5e5ce093587c071b6030de0a14eb07564', 'ee0d20122ff28afc1da9cd71bce3c65a16959e85', 'avatar.png', 0, 0, 1, 9, NULL, 0, 'Solomon Islands', '205.254.6.54', '2003-02-21', '2000-05-28', '2009-11-25'),
(74, 'Leon', 'Moen', 'Lelia Greenfelder', 'considine.bernie@gaylordhoeger.net', '018-231-2040x892', '2710', 'Winfield Stream', '2813 Mike Grove Apt. 880', 'Alaska', '31884-2844', 'Tajikistan', 'dkoss', '26d8d8fd0224200d2633f33ae9826d74e34a79aef30f727cfbc74b0128878923', '11975fabfbd071ea9948da531b5e7d2cf3b2c296', 'avatar.png', 0, 0, 1, 9, NULL, 0, 'Venezuela', '200.48.128.56', '1994-11-09', '2011-08-13', '1999-07-18'),
(75, 'Wilber', 'Schuppe', 'Bernardo Dickens', 'maudie.haley@yahoo.com', '1-003-387-3299', '32999', 'Marcel Circles', '5274 Vandervort Squares', 'North Dakota', '96661-6713', 'Germany', 'dolores.metz', '1157ff800bc59ca698786ca61007452138c9616b7ae4ff53cca045a18cabdc89', 'fbdd25b1c9695b90ba85ebd836cb56c08aff5fa2', 'avatar.png', 0, 0, 1, 9, NULL, 0, 'Panama', '85.100.9.21', '1985-01-26', '1977-07-07', '1982-04-11'),
(76, 'Eden', 'Wiza', 'Ms. Katherine Dickens I', 'eweissnat@hotmail.com', '938.401.5933x9570', '2695', 'Alejandra Path', '61505 Bergstrom Lane Apt. 834', 'California', '13208', 'Paraguay', 'qlindgren', 'b60531a045367d9e24b3b678687fa57e6d0bd05b99d974047242108d0215c44b', '13aed12e28182e7e607f34afd731071eea76256b', 'avatar.png', 0, 0, 1, 9, NULL, 0, 'Tanzania', '117.102.233.148', '1994-07-03', '2001-07-27', '1977-01-25'),
(77, 'Erik', 'White', 'Zoie Hauck', 'keara.brekke@gmail.com', '355.605.6258', '950', 'Ayana Station', '102 King Ridges Apt. 847', 'Maine', '92232-0113', 'Armenia', 'consuelo.powlowski', '718b426a28a80ac38e5c8c59be6ea3eb5aba452ef89c5698b45265a970c6f873', '2687d76eda8965b977c5ae7d8783818b5d85f3b1', 'avatar.png', 0, 0, 1, 9, NULL, 0, 'Mayotte', '128.81.85.217', '2005-06-24', '1975-02-25', '1982-07-14'),
(78, 'Laurianne', 'Paucek', 'Prof. Deion Miller', 'lillie.lindgren@thompson.com', '(594)016-7455x64135', '5475', 'Lueilwitz Causeway', '01196 Daren Orchard', 'Illinois', '67093-2024', 'Saint Vincent and the Grenadines', 'william27', '2f859a7ad1ed9f2913e3cb75dbf9c56ae60453bf637d45befceb7f7c0243444a', 'c4fb3d2c516706930d20c7aee37d245258682efe', 'avatar.png', 0, 0, 1, 9, NULL, 0, 'Burkina Faso', '144.10.6.223', '1978-11-05', '1983-04-22', '2000-08-16'),
(79, 'Dejuan', 'Mueller', 'Bennett Collins II', 'mervin36@heidenreich.com', '00794234891', '34456', 'Marc Mill', '153 Mills Spring', 'New Mexico', '45276-6464', 'Switzerland', 'danny84', 'b84891f1487d76f0e0c32cd23c1dff4a6c987ca4880f4f594512710cd19ddeb8', '459c6f151d06a28d1069a72e035226d4977de06f', 'avatar.png', 0, 0, 1, 9, NULL, 0, 'Comoros', '247.5.198.74', '2000-01-24', '1997-01-03', '2010-03-02'),
(80, 'Kiana', 'Beatty', 'Dock Daugherty', 'bernhard.miller@gmail.com', '1-755-989-3775', '57520', 'Zena Mountain', '536 Johns Points Suite 516', 'Indiana', '70413-2730', 'Argentina', 'corwin.kyler', 'f6df76677712d3bfcc81ae1662e0f61321de79b33ba5b32dee12af5b7f859d02', 'a659a439e0cc7ef2930c99667249a70c57d7dc52', 'avatar.png', 0, 0, 1, 9, NULL, 0, 'Uganda', '21.127.188.212', '1995-07-21', '1970-12-05', '1970-02-13'),
(81, 'Quincy', 'Bergnaum', 'Sarai Smitham', 'sid.strosin@osinski.org', '419.037.5172x308', '55229', 'Olson Pike', '817 Steuber Spurs', 'New Jersey', '90396', 'Ghana', 'kody.hartmann', 'bf351a3ce29dfb46278073bd5709374ddeeb84bc1596e85d208586163b76f4de', '236cad498dd374a9b150a1030de6a99f1d0e013b', 'avatar.png', 0, 0, 1, 9, NULL, 0, 'Bosnia and Herzegovina', '172.33.83.201', '1987-10-01', '1999-06-11', '2002-11-17'),
(82, 'Hertha', 'Boehm', 'Susan Spencer', 'west.earnestine@hilpertlesch.com', '1-957-876-4656x1184', '4781', 'Marilou Coves', '27280 Carlotta Tunnel Apt. 998', 'Missouri', '09190', 'Christmas Island', 'larkin.tristin', '93957a4cfbef5a01d6c8d4f8f554d697a6a358d6583958bb682564730ba15457', '5a16a561e1cd76c095d8334be2dd67f68d0dbd0c', 'avatar.png', 0, 0, 1, 9, NULL, 0, 'Mauritius', '77.50.238.50', '1973-01-08', '2002-02-25', '2004-08-27'),
(83, 'Orlo', 'McCullough', 'Miss Christiana Huel I', 'sgoldner@lindgrenbode.com', '1-901-712-1753x542', '7316', 'Sabina Plains', '376 Aisha Mountain Apt. 869', 'Pennsylvania', '04186', 'United Arab Emirates', 'javon61', 'def5639b8c4ab500edea8cc480f0ea32d73baf4483d57aee27bf02930a70ab58', '71a5c1b4d7578b735d1b27f6979eac4854bebffb', 'avatar.png', 0, 0, 1, 9, NULL, 0, 'Saint Pierre and Miquelon', '233.50.121.90', '1994-06-30', '2003-09-24', '2013-05-28'),
(84, 'Hudson', 'Abbott', 'Prof. Myra Fay PhD', 'ludie17@brekke.com', '348.579.2272', '1338', 'Bayer Cliff', '8255 West Court', 'Connecticut', '10504', 'Egypt', 'connelly.lilla', 'f5f5e1831b3fe06811704f4dde8c1b022cca9a0732296ce02812bbeeac612144', '5b84fd8b7488793b538bd94eee42b2bb56566fd7', 'avatar.png', 0, 0, 1, 9, NULL, 0, 'Holy See (Vatican City State)', '254.241.232.236', '1994-01-05', '1983-06-04', '2008-04-06'),
(85, 'Palma', 'Hills', 'Mr. Sage Kerluke', 'laurence.nikolaus@gmail.com', '1-091-275-1250', '4962', 'Eloise Prairie', '993 Green Stravenue', 'Alaska', '55889-6085', 'Burundi', 'abraham.nienow', '7c737a008ba5c6a8047372287434ad2c691469a289fac594e9967f608c44dbad', 'f92675923c6df3cf841422c206bd6365436b7d5a', 'avatar.png', 0, 0, 1, 9, NULL, 0, 'Albania', '39.110.222.65', '2011-12-04', '1976-08-16', '1995-02-11'),
(86, 'Karlie', 'Thiel', 'Carolyne Bosco', 'mertz.fatima@gmail.com', '1-256-954-9805', '677', 'Von Green', '79117 Strosin Pass', 'Iowa', '50239', 'Monaco', 'ferry.freda', '6da944a35191b523ad70c246317463cecc3caca93e2891d9336348d2e57f50bc', '6a9e96e9a335063131f480ee25a9be94fc152b32', 'avatar.png', 0, 0, 1, 9, NULL, 0, 'Slovenia', '52.135.121.98', '1999-11-24', '1975-04-27', '2003-07-21'),
(87, 'Gordon', 'Bernhard', 'Camden Hettinger PhD', 'bahringer.idella@smitham.com', '+54(5)4632954267', '40002', 'Cummings Springs', '3915 Dahlia Motorway Suite 996', 'Maine', '42302-7938', 'Jersey', 'wallace29', '3fc027863166341de870d909f1c5e5653199ca158300304c9ab94d97f933119a', '22fa91809c7691bbd5cd3778c5d8a01e244242d1', 'avatar.png', 0, 0, 1, 9, NULL, 0, 'Algeria', '37.21.20.66', '1996-03-26', '2004-06-21', '1989-03-30'),
(88, 'Ruben', 'Bosco', 'Dr. Brendon Hegmann II', 'kovacek.broderick@dickinsonconn.net', '1-023-014-2003', '345', 'Marilyne Fork', '574 Jenifer Court', 'Massachusetts', '18014', 'Anguilla', 'hilpert.bridgette', '7ff5b8915f61a56e085c6e49b29836933b25e90cd088ce372f022f9effcbf34f', 'a248280805aae8d13073367ea9c5db5194418831', 'avatar.png', 0, 0, 1, 9, NULL, 0, 'Antarctica (the territory South ', '94.125.54.247', '2009-05-05', '2013-08-10', '1987-10-08'),
(89, 'Jacey', 'Blick', 'Jakob Predovic', 'aabernathy@yahoo.com', '1-212-948-7535', '44691', 'Aliya Rapids', '849 Lubowitz Trace Suite 597', 'Tennessee', '32868-1250', 'El Salvador', 'mckenzie.kenna', 'df77d4cb74d26508a78108f1fe0e366d588d805456cacbd116fb5231817c6a1b', '962e9b0175c0046eff6421ee138a4248d3592094', 'avatar.png', 0, 0, 1, 9, NULL, 0, 'Uzbekistan', '97.32.182.15', '1980-02-20', '1970-04-12', '2009-09-10'),
(90, 'Chadd', 'Hammes', 'Blanca Hayes', 'janice54@kautzer.biz', '1-937-702-7895', '54174', 'Schaefer Cape', '43981 Runolfsson Island', 'Ohio', '19321-1917', 'El Salvador', 'edwin.witting', '18d3a1762223d2ffb9488283431f2f795a2c20f10486ad837c4ce2735315f285', 'eb14a9c34a4d651bb4e2b11d9962c8293b833b36', 'avatar.png', 0, 0, 1, 9, NULL, 0, 'British Virgin Islands', '254.24.104.159', '2003-03-28', '1988-09-20', '1979-09-30'),
(91, 'Lynn', 'Corkery', 'Mr. Presley Anderson', 'ali.dach@thompson.com', '921.080.3000x414', '7803', 'Maybell Inlet', '714 Champlin Square', 'Wisconsin', '11332', 'Israel', 'dach.diana', '3b5eae81db2c4d70fac0956f0f304114dfb849c18fddaa99583be626aba47b5b', '1834da244b0942b77369c099e23997058f422c94', 'avatar.png', 0, 0, 1, 9, NULL, 0, 'Indonesia', '72.178.61.200', '2008-07-12', '1992-03-10', '1978-12-04'),
(92, 'Clint', 'Wuckert', 'Dr. Paolo Predovic', 'amely.hagenes@yahoo.com', '380-755-7327x2345', '87704', 'Celia Harbors', '41608 Ludwig Rue', 'West Virginia', '45067-5297', 'Mozambique', 'ahmed.hintz', 'b6b74f840cd09bf65a19e9f1e131b60333a23c380078c17e1328539e9d5ef670', '39bdc448bf85d4567a127654ee75e9981a10fcd0', 'avatar.png', 0, 0, 1, 9, NULL, 0, 'Nicaragua', '84.89.154.84', '1975-09-15', '1986-02-07', '1999-05-09'),
(93, 'Willy', 'Dibbert', 'Aglae Smitham', 'jaunita48@hodkiewiczernser.org', '(248)930-1941x97758', '724', 'Baumbach Ridge', '20435 Boyer Tunnel Suite 603', 'Florida', '36775-9911', 'Philippines', 'damian.wintheiser', '52383459b959b299e485570d2243178c960d63e8798156ddbf820d969a02b2b0', 'c926e31bea92dc92d929d2f4038ade2d7442817f', 'avatar.png', 0, 0, 1, 9, NULL, 0, 'Saint Barthelemy', '167.216.132.91', '2008-02-24', '1975-12-31', '1999-10-03'),
(94, 'Jailyn', 'Carter', 'Ms. Jaunita Kirlin', 'idella74@yahoo.com', '1-175-989-6775x7101', '6302', 'Gerhard Roads', '13570 Tanner Villages Apt. 973', 'Missouri', '88310-8785', 'Maldives', 'dennis44', '7a97b7a5d15afcfaac646b4b4fb24ffe757b2bd3db83f516565813a9932cecdf', '6f3659c268e1e65767c6185498722d69a194524e', 'avatar.png', 0, 0, 1, 9, NULL, 0, 'Indonesia', '109.83.24.253', '1979-10-26', '1997-10-31', '1971-10-20'),
(95, 'Donavon', 'Bergnaum', 'Prof. Vladimir Ruecker', 'o''reilly.greyson@loweschneider.com', '965.880.1091x1138', '8715', 'Raphaelle Common', '609 Janelle Summit Apt. 608', 'Vermont', '68668', 'Macao', 'bhodkiewicz', 'fc9fded31a4e41bcf083de262c7d95caf934bc91de024d7fb324badced4d747e', 'ac298b8c9a0054e80d0a672bc66173ef4fb38c32', 'avatar.png', 0, 0, 1, 9, NULL, 0, 'Taiwan', '145.3.174.197', '1980-02-23', '1988-11-07', '1997-11-11'),
(96, 'Tyree', 'Rempel', 'Al Pacocha', 'rzboncak@hotmail.com', '153-910-2233x196', '2981', 'Gino Course', '182 Olson Ford', 'Pennsylvania', '49705', 'China', 'liliane.macejkovic', '2e14e3b7c27cc908b4c600e7c259d3a5fe9066a419e932e31133dfa58d4b32dc', '33bbc9de11ce739bafdc081cdfddce23f5ce032a', 'avatar.png', 0, 0, 1, 9, NULL, 0, 'Colombia', '89.80.194.128', '1986-08-04', '1971-07-03', '2012-12-13'),
(97, 'Corine', 'Mayert', 'Dr. Savannah Hegmann', 'qwindler@hotmail.com', '827-076-1978x32807', '3993', 'Emile Wells', '547 Reilly Centers Apt. 317', 'Minnesota', '03093-2000', 'Sri Lanka', 'mlangosh', '435de35c24cff7b5dee886ef3e1255757bdc17303116b1cf21f8a4dda3edefea', '0272212ca4158383cdae152f209ee95882ecf452', 'avatar.png', 0, 0, 1, 9, NULL, 0, 'Bermuda', '227.82.233.31', '1995-12-10', '2013-08-11', '1981-09-07'),
(98, 'Maynard', 'Wolf', 'Hayley Schiller', 'shanna.jast@gmail.com', '02915438061', '11707', 'Josiane Center', '08269 Koss Station', 'Tennessee', '33268-5878', 'Angola', 'mikayla14', '3374ce9789ec552ed8825e137fd2e1e195441e4dcd16e9f955cce62d0a3b63c4', '5416ab5ad3a6ded48cd629a01dd18253ed61cd3f', 'avatar.png', 0, 0, 1, 9, NULL, 0, 'Gambia', '185.125.1.226', '1994-09-26', '1977-10-06', '2012-04-14'),
(99, 'Belle', 'Cummings', 'Christian Stroman', 'ireinger@torp.net', '011.533.7084x8974', '229', 'Zella Course', '214 Garett Junction Apt. 759', 'Nebraska', '78519-7750', 'Mali', 'gmaggio', '1cde5bab965827e4d9242a2ab405e72c28e4be80a203178bec600c8657a6d766', 'b200e9da53c74f0cdc579b60a8da44f7678f7708', 'avatar.png', 0, 0, 1, 9, NULL, 0, 'France', '122.202.97.86', '2013-08-24', '1978-01-21', '2002-12-24'),
(100, 'Otis', 'Corkery', 'Dr. Floy Mayert', 'pjacobson@yahoo.com', '588.925.2933x883', '642', 'Farrell Loop', '93951 Bednar Lake', 'Kansas', '33544-8906', 'Portugal', 'aisha00', 'a42d2a474ea058a709cb6f3e662fa0f3f3926693f05c4480ee8c39d18ca817a6', '8ff8aec5d2bfaf57e254367f1dfb7cb788f19489', 'avatar.png', 0, 0, 1, 9, NULL, 0, 'Kiribati', '88.253.163.103', '1983-04-08', '2001-08-24', '1987-03-31'),
(101, 'Houston', 'Bernhard', 'Delphine Stiedemann', 'wilfredo.hand@spinka.com', '+22(1)9158673939', '98483', 'Franecki Forest', '8815 Schamberger Islands Apt. 682', 'South Carolina', '15162-5343', 'Qatar', 'jamaal73', 'ba948912b1c81d5598d7f5bfece8c76ccd98d0a56e789bdbe6e0dfdd091e8080', '3c9e074b5975b43c26458c409e14fb6d12322846', 'avatar.png', 0, 0, 1, 9, NULL, 0, 'China', '31.19.64.163', '1972-07-15', '1992-01-08', '2000-02-24'),
(102, '', '', '', '', '', '', '', '', '', '', '', '', '$2a$13$fEab4/fo6lKyhifxsH.y/uir1NuIfQ.iLJQmA1lqebkhsIr3.sXPq', '', '', 0, 0, 1, 1, NULL, 0, '', '', '0000-00-00', '0000-00-00', '0000-00-00'),
(103, 'sdfsdfsdf', 'sdfsdfsdf', 'sdfsdfsd', 'sdfsdf', 'sdfsdf', 'sdfsdf', 'sdfsdf', 'sdfsdf', 'sdfsdfsdf', 'sdfsdf', 'sdfsdfsdf', 'joji123', '$2a$13$4Wqg89HEfG1dBPwtIwPHIO2oD3sIiMP0Lij4g6vBJcGFhKVQtud5i', 'sdfsdfsdfsdf', '100kb.jpg', 0, 0, 1, 1, NULL, 0, 'sdfsdf', 'sdfsdf', '0000-00-00', '0000-00-00', '0000-00-00'),
(104, '', '', '', '', '', '', '', '', '', '', '', '', '$2a$13$zRPFfMMLg2K./0H2ol6NcuAzQgASjz40.R0mGud085Mu1a0TNzSja', '', '', 0, 0, 1, 1, NULL, 0, '', '', '0000-00-00', '0000-00-00', '0000-00-00');

-- --------------------------------------------------------

--
-- Table structure for table `c8_user_role`
--

CREATE TABLE IF NOT EXISTS `c8_user_role` (
  `id` int(11) NOT NULL AUTO_INCREMENT,
  `user_id` int(11) NOT NULL DEFAULT '0',
  `role_id` int(11) NOT NULL DEFAULT '0',
  PRIMARY KEY (`id`),
  KEY `c8_user_role_ibfk_1` (`user_id`),
  KEY `c8_user_role_ibfk_2` (`role_id`)
) ENGINE=InnoDB  DEFAULT CHARSET=latin1 AUTO_INCREMENT=2 ;

-- --------------------------------------------------------

--
-- Table structure for table `c8_user_skill`
--

CREATE TABLE IF NOT EXISTS `c8_user_skill` (
  `id` int(11) NOT NULL AUTO_INCREMENT,
  `user_id` int(11) NOT NULL DEFAULT '0',
  `skill_id` int(11) NOT NULL DEFAULT '0',
  `trainer_id` int(11) NOT NULL DEFAULT '0',
  `award_number` varchar(255) DEFAULT NULL,
  `award_rank` int(11) NOT NULL DEFAULT '0',
  `award_date` date DEFAULT NULL,
  `expiry_date` date DEFAULT NULL,
  PRIMARY KEY (`id`),
  KEY `c8_user_skill_ibfk_1` (`user_id`),
  KEY `c8_user_skill_ibfk_2` (`skill_id`),
  KEY `c8_user_skill_ibfk_3` (`trainer_id`)
) ENGINE=InnoDB  DEFAULT CHARSET=latin1 AUTO_INCREMENT=4 ;

--
-- Dumping data for table `c8_user_skill`
--

INSERT INTO `c8_user_skill` (`id`, `user_id`, `skill_id`, `trainer_id`, `award_number`, `award_rank`, `award_date`, `expiry_date`) VALUES
(1, 5, 5, 5, NULL, 0, NULL, NULL),
(2, 5, 6, 6, NULL, 0, NULL, NULL),
(3, 6, 7, 7, NULL, 0, NULL, NULL);

-- --------------------------------------------------------

--
-- Table structure for table `c8_view`
--

CREATE TABLE IF NOT EXISTS `c8_view` (
  `id` int(11) NOT NULL AUTO_INCREMENT,
  `user_id` int(11) NOT NULL DEFAULT '0',
  `profile_id` int(11) NOT NULL DEFAULT '0',
  `view_date` date DEFAULT NULL,
  PRIMARY KEY (`id`),
  KEY `c8_view_ibfk_1` (`user_id`),
  KEY `c8_view_ibfk_2` (`profile_id`)
) ENGINE=InnoDB  DEFAULT CHARSET=latin1 AUTO_INCREMENT=3 ;

--
-- Dumping data for table `c8_view`
--

INSERT INTO `c8_view` (`id`, `user_id`, `profile_id`, `view_date`) VALUES
(1, 5, 7, '2014-09-18'),
(2, 4, 22, '2014-09-18');

-- --------------------------------------------------------

--
-- Table structure for table `c8_vouch`
--

CREATE TABLE IF NOT EXISTS `c8_vouch` (
  `id` int(11) NOT NULL AUTO_INCREMENT,
  `from_user_id` int(11) NOT NULL DEFAULT '0',
  `to_user_id` int(11) NOT NULL DEFAULT '0',
  `comment` varchar(255) NOT NULL DEFAULT '',
  `rating` int(11) NOT NULL DEFAULT '5',
  `create_date` date DEFAULT NULL,
  PRIMARY KEY (`id`),
  KEY `c8_vouch_ibfk_1` (`from_user_id`),
  KEY `c8_vouch_ibfk_2` (`to_user_id`)
) ENGINE=InnoDB  DEFAULT CHARSET=latin1 AUTO_INCREMENT=2 ;

--
-- Dumping data for table `c8_vouch`
--

INSERT INTO `c8_vouch` (`id`, `from_user_id`, `to_user_id`, `comment`, `rating`, `create_date`) VALUES
(1, 5, 6, 'asdasdasdasdasdasdasd', 5, NULL);

--
-- Constraints for dumped tables
--

--
-- Constraints for table `c8_hr`
--
ALTER TABLE `c8_hr`
  ADD CONSTRAINT `c8_hr_ibfk_2` FOREIGN KEY (`membership_id`) REFERENCES `c8_membership` (`id`) ON DELETE CASCADE ON UPDATE CASCADE,
  ADD CONSTRAINT `c8_hr_ibfk_1` FOREIGN KEY (`org_id`) REFERENCES `c8_org` (`id`) ON DELETE CASCADE ON UPDATE CASCADE;

--
-- Constraints for table `c8_hr_candidate`
--
ALTER TABLE `c8_hr_candidate`
  ADD CONSTRAINT `c8_hr_candidate_ibfk_2` FOREIGN KEY (`profile_id`) REFERENCES `c8_profile` (`id`) ON DELETE CASCADE ON UPDATE CASCADE,
  ADD CONSTRAINT `c8_hr_candidate_ibfk_1` FOREIGN KEY (`hr_shortlist_id`) REFERENCES `c8_hr_shortlist` (`id`) ON DELETE CASCADE ON UPDATE CASCADE;

--
-- Constraints for table `c8_hr_comment`
--
ALTER TABLE `c8_hr_comment`
  ADD CONSTRAINT `c8_hr_comment_ibfk_1` FOREIGN KEY (`hr_shortlist_id`) REFERENCES `c8_hr_shortlist` (`id`) ON DELETE CASCADE ON UPDATE CASCADE;

--
-- Constraints for table `c8_hr_shortlist`
--
ALTER TABLE `c8_hr_shortlist`
  ADD CONSTRAINT `c8_hr_shortlist_ibfk_1` FOREIGN KEY (`hr_id`) REFERENCES `c8_hr` (`id`) ON DELETE CASCADE ON UPDATE CASCADE,
  ADD CONSTRAINT `c8_hr_shortlist_ibfk_2` FOREIGN KEY (`user_id`) REFERENCES `c8_user` (`id`) ON DELETE CASCADE ON UPDATE CASCADE;

--
-- Constraints for table `c8_hr_shortlist_skill`
--
ALTER TABLE `c8_hr_shortlist_skill`
  ADD CONSTRAINT `c8_hr_shortlist_skill_ibfk_2` FOREIGN KEY (`skill_id`) REFERENCES `c8_skill` (`id`) ON DELETE CASCADE ON UPDATE CASCADE,
  ADD CONSTRAINT `c8_hr_shortlist_skill_ibfk_1` FOREIGN KEY (`hr_shortlist_id`) REFERENCES `c8_hr_shortlist` (`id`) ON DELETE CASCADE ON UPDATE CASCADE;

--
-- Constraints for table `c8_hr_team`
--
ALTER TABLE `c8_hr_team`
  ADD CONSTRAINT `c8_hr_team_ibfk_2` FOREIGN KEY (`user_id`) REFERENCES `c8_user` (`id`) ON DELETE CASCADE ON UPDATE CASCADE,
  ADD CONSTRAINT `c8_hr_team_ibfk_1` FOREIGN KEY (`org_id`) REFERENCES `c8_org` (`id`) ON DELETE CASCADE ON UPDATE CASCADE;

--
-- Constraints for table `c8_invite`
--
ALTER TABLE `c8_invite`
  ADD CONSTRAINT `c8_invite_ibfk_1` FOREIGN KEY (`user_id`) REFERENCES `c8_user` (`id`) ON DELETE CASCADE ON UPDATE CASCADE;

--
-- Constraints for table ` c8_membership_roles`
--
ALTER TABLE ` c8_membership_roles`
  ADD CONSTRAINT ` c8_membership_roles_ibfk_1` FOREIGN KEY (`membership_id`) REFERENCES `c8_membership` (`id`) ON DELETE CASCADE ON UPDATE CASCADE;

--
-- Constraints for table `c8_org`
--
ALTER TABLE `c8_org`
  ADD CONSTRAINT `c8_org_ibfk_1` FOREIGN KEY (`billing_user_id`) REFERENCES `c8_user` (`id`) ON DELETE SET NULL ON UPDATE CASCADE,
  ADD CONSTRAINT `c8_org_ibfk_2` FOREIGN KEY (`admin_user_id`) REFERENCES `c8_user` (`id`) ON DELETE SET NULL ON UPDATE CASCADE;

--
-- Constraints for table `c8_profile`
--
ALTER TABLE `c8_profile`
  ADD CONSTRAINT `c8_profile_ibfk_1` FOREIGN KEY (`user_id`) REFERENCES `c8_user` (`id`) ON DELETE CASCADE ON UPDATE CASCADE,
  ADD CONSTRAINT `c8_profile_ibfk_2` FOREIGN KEY (`hr_id`) REFERENCES `c8_hr` (`id`),
  ADD CONSTRAINT `c8_profile_ibfk_3` FOREIGN KEY (`membership_id`) REFERENCES `c8_membership` (`id`),
  ADD CONSTRAINT `c8_profile_ibfk_4` FOREIGN KEY (`template_id`) REFERENCES `c8_profile_template` (`id`);

--
-- Constraints for table `c8_profile_job`
--
ALTER TABLE `c8_profile_job`
  ADD CONSTRAINT `c8_profile_job_ibfk_3` FOREIGN KEY (`hr_id`) REFERENCES `c8_hr` (`id`) ON DELETE CASCADE ON UPDATE CASCADE,
  ADD CONSTRAINT `c8_profile_job_ibfk_1` FOREIGN KEY (`profile_id`) REFERENCES `c8_profile` (`id`) ON DELETE CASCADE ON UPDATE CASCADE,
  ADD CONSTRAINT `c8_profile_job_ibfk_2` FOREIGN KEY (`org_id`) REFERENCES `c8_org` (`id`) ON DELETE CASCADE ON UPDATE CASCADE;

--
-- Constraints for table `c8_profile_skill`
--
ALTER TABLE `c8_profile_skill`
  ADD CONSTRAINT `c8_profile_skill_ibfk_2` FOREIGN KEY (`skill_id`) REFERENCES `c8_skill` (`id`) ON DELETE CASCADE ON UPDATE CASCADE,
  ADD CONSTRAINT `c8_profile_skill_ibfk_1` FOREIGN KEY (`profile_id`) REFERENCES `c8_profile` (`id`) ON DELETE CASCADE ON UPDATE CASCADE;

--
-- Constraints for table `c8_provider`
--
ALTER TABLE `c8_provider`
  ADD CONSTRAINT `c8_provider_ibfk_2` FOREIGN KEY (`membership_id`) REFERENCES `c8_membership` (`id`) ON DELETE CASCADE ON UPDATE CASCADE,
  ADD CONSTRAINT `c8_provider_ibfk_1` FOREIGN KEY (`org_id`) REFERENCES `c8_org` (`id`) ON DELETE CASCADE ON UPDATE CASCADE;

--
-- Constraints for table `c8_provider_trainer`
--
ALTER TABLE `c8_provider_trainer`
  ADD CONSTRAINT `c8_provider_trainer_ibfk_1` FOREIGN KEY (`provider_id`) REFERENCES `c8_provider` (`id`) ON DELETE CASCADE ON UPDATE CASCADE,
  ADD CONSTRAINT `c8_provider_trainer_ibfk_2` FOREIGN KEY (`trainer_id`) REFERENCES `c8_trainer` (`id`) ON DELETE CASCADE ON UPDATE CASCADE;

--
-- Constraints for table `c8_skill`
--
ALTER TABLE `c8_skill`
  ADD CONSTRAINT `c8_skill_ibfk_2` FOREIGN KEY (`skill_discipline_id`) REFERENCES `c8_skill_discipline` (`id`) ON DELETE CASCADE ON UPDATE CASCADE,
  ADD CONSTRAINT `c8_skill_ibfk_1` FOREIGN KEY (`provider_id`) REFERENCES `c8_provider` (`id`) ON DELETE CASCADE ON UPDATE CASCADE;

--
-- Constraints for table `c8_skill_trainer`
--
ALTER TABLE `c8_skill_trainer`
  ADD CONSTRAINT `c8_skill_trainer_ibfk_2` FOREIGN KEY (`skill_id`) REFERENCES `c8_skill` (`id`) ON DELETE CASCADE ON UPDATE CASCADE,
  ADD CONSTRAINT `c8_skill_trainer_ibfk_1` FOREIGN KEY (`trainer_id`) REFERENCES `c8_trainer` (`id`) ON DELETE CASCADE ON UPDATE CASCADE;

--
-- Constraints for table `c8_social_profile`
--
ALTER TABLE `c8_social_profile`
  ADD CONSTRAINT `c8_social_profile_ibfk_2` FOREIGN KEY (`profile_id`) REFERENCES `c8_profile` (`id`) ON DELETE CASCADE ON UPDATE CASCADE,
  ADD CONSTRAINT `c8_social_profile_ibfk_1` FOREIGN KEY (`social_id`) REFERENCES `c8_social` (`id`) ON DELETE CASCADE ON UPDATE CASCADE;

--
-- Constraints for table `c8_trainer`
--
ALTER TABLE `c8_trainer`
  ADD CONSTRAINT `c8_trainer_ibfk_2` FOREIGN KEY (`membership_id`) REFERENCES `c8_membership` (`id`) ON DELETE CASCADE ON UPDATE CASCADE,
  ADD CONSTRAINT `c8_trainer_ibfk_1` FOREIGN KEY (`org_id`) REFERENCES `c8_org` (`id`) ON DELETE CASCADE ON UPDATE CASCADE;

--
-- Constraints for table `c8_user`
--
ALTER TABLE `c8_user`
  ADD CONSTRAINT `c8_user_ibfk_1` FOREIGN KEY (`membership_id`) REFERENCES `c8_membership` (`id`),
  ADD CONSTRAINT `c8_user_ibfk_2` FOREIGN KEY (`profile_id`) REFERENCES `c8_profile` (`id`) ON DELETE SET NULL ON UPDATE CASCADE;

--
-- Constraints for table `c8_user_role`
--
ALTER TABLE `c8_user_role`
  ADD CONSTRAINT `c8_user_role_ibfk_2` FOREIGN KEY (`role_id`) REFERENCES `c8_role` (`id`) ON DELETE CASCADE ON UPDATE CASCADE,
  ADD CONSTRAINT `c8_user_role_ibfk_1` FOREIGN KEY (`user_id`) REFERENCES `c8_user` (`id`) ON DELETE CASCADE ON UPDATE CASCADE;

--
-- Constraints for table `c8_user_skill`
--
ALTER TABLE `c8_user_skill`
  ADD CONSTRAINT `c8_user_skill_ibfk_3` FOREIGN KEY (`trainer_id`) REFERENCES `c8_trainer` (`id`) ON DELETE CASCADE ON UPDATE CASCADE,
  ADD CONSTRAINT `c8_user_skill_ibfk_1` FOREIGN KEY (`user_id`) REFERENCES `c8_user` (`id`) ON DELETE CASCADE ON UPDATE CASCADE,
  ADD CONSTRAINT `c8_user_skill_ibfk_2` FOREIGN KEY (`skill_id`) REFERENCES `c8_skill` (`id`) ON DELETE CASCADE ON UPDATE CASCADE;

--
-- Constraints for table `c8_view`
--
ALTER TABLE `c8_view`
  ADD CONSTRAINT `c8_view_ibfk_1` FOREIGN KEY (`user_id`) REFERENCES `c8_user` (`id`) ON DELETE CASCADE ON UPDATE CASCADE,
  ADD CONSTRAINT `c8_view_ibfk_2` FOREIGN KEY (`profile_id`) REFERENCES `c8_profile` (`id`) ON DELETE CASCADE ON UPDATE CASCADE;

--
-- Constraints for table `c8_vouch`
--
ALTER TABLE `c8_vouch`
  ADD CONSTRAINT `c8_vouch_ibfk_2` FOREIGN KEY (`to_user_id`) REFERENCES `c8_user` (`id`) ON DELETE CASCADE ON UPDATE CASCADE,
  ADD CONSTRAINT `c8_vouch_ibfk_1` FOREIGN KEY (`from_user_id`) REFERENCES `c8_user` (`id`) ON DELETE CASCADE ON UPDATE CASCADE;

/*!40101 SET CHARACTER_SET_CLIENT=@OLD_CHARACTER_SET_CLIENT */;
/*!40101 SET CHARACTER_SET_RESULTS=@OLD_CHARACTER_SET_RESULTS */;
/*!40101 SET COLLATION_CONNECTION=@OLD_COLLATION_CONNECTION */;
